user_id,payment_date
061d8039-b332-40ca-b906-3514b06411c2,22
0ca92d01-feed-42e5-b90c-299b615f9d3f,22
160bcd2d-3ab0-4a60-9bfa-ccfcc1ee17e4,22
1649fee7-c424-4fb7-ac84-db36e15e042a,22
1d647703-874d-4744-b4de-6a5212518aa8,22
2026a912-d221-42bf-9d4b-ebcf1b9ba02c,22
298b9863-9dca-4f31-b35c-7e19ce678e5e,22
2b0e5667-52e4-40cf-a4dd-c0218d6b7574,22
2bf2d121-9076-450d-a9e3-3fe6c83dba91,22
2db8f773-9e65-4200-bbf2-edc4994435a4,22
300f6e61-802a-418f-a66a-48b684342777,22
364c9bc0-9f19-4151-bc83-e9c189433904,22
431a62c4-30ae-405d-95d2-fb7b8284ac4f,22
45a62133-c35e-418b-8ee7-21f46f8c0c50,22
49086aa5-d9b7-4d3c-84e3-46b590b8ca81,22
4be350aa-3f6f-4bd1-b03a-88615dbbb2d5,22
4d50e137-2881-4c23-8d78-2b6960c3a50b,22
571d5f7f-6be4-48a0-970e-734b680b9c30,22
596f2673-e566-4f69-bacd-0c2f2f728d71,22
5e9b3b8a-9def-4412-8878-b99546ea9834,22
7304df02-4171-47c9-b849-de8e96d788ef,22
7523f34b-a154-47c5-8aa7-0a26cb7eda4f,22
77e344d8-e2dd-4154-bf93-4e1fbb80ba6f,22
7af5611f-5f69-44e9-9d71-ec953b5dc1d9,22
82f5b11d-48f7-427f-b221-907cd611fa00,22
8a26e0d9-146e-4ba3-af8d-a72c499e5ceb,22
9865ceee-50ae-4a00-93ec-cf27396e6cb5,22
9b5a1bfb-29c6-49b4-bcab-fa3596f356c2,22
9d1f4e30-9c42-40fb-a8b3-6af611c61f22,22
9d82a047-27a3-4841-9ffa-c85c5308ee6a,22
9ddd8cc9-f471-44fd-bba9-46acdc29a44a,22
aa517fde-0484-4d23-820a-8520a6062e7d,22
ac318f8a-9785-4eea-9622-0953b46ef3da,22
ae63beb1-be4f-4f20-9efc-4b842402dce6,22
bac14e0c-a41a-45c2-9a57-1ce99c578d1c,22
c7da8741-eacc-4eda-a002-77c63362c5b3,22
d7382071-3f5d-4a5a-b558-accb237ce9d0,22
da3f3141-3cd1-4bb9-8e8b-364ae5faa71d,22
de5adfec-76eb-4b37-a758-cedd31e55028,22
df86febd-6b8f-40cb-bc00-abc86d1a02d7,22
e359dbab-86cf-4576-8d16-3c08df3f6a41,22
e5f4af21-6965-481b-875f-869e149a203b,22
ef214642-7f5b-4a3d-87e8-21619e978b52,22
f00e052e-6236-423e-a225-221568fb8310,22
f1887db1-be98-4850-abe9-38d3dc86c3fa,22
f639ab6a-49dc-4b62-9e37-b2ad1f88790a,22
f741b3eb-ce92-4ea2-919f-fa164b367f08,22
f8b0d8e6-01d2-4265-8121-932bb78f6429,22
fca9e04f-aed5-4042-8855-a4c21be10893,22
0220fb2f-aa7c-426f-b6c8-ebaba9c4dd97,18
09a5d44a-1424-4bca-b184-0892a95d47df,18
1110abdf-59a7-4735-8cf6-867520796059,18
151bce6e-113f-480d-8a4d-96bda9dad33a,18
22958728-5268-4943-80ba-0ce05e1a1ca4,18
23537e08-e626-4f34-ba32-229e809fa842,18
28f8caf4-7691-4fa5-ba50-3966b7cce11f,18
2a86b84d-7a7f-4552-b0a2-bc7fdd2dc5f8,18
2af58717-7f71-4d0c-91f9-ad2cfdff8a06,18
2f7b5bdd-2133-4e48-82a8-c9fa4ab653da,18
3a6ad4a4-22ba-4266-a88c-480304940707,18
3c700c10-3d42-49a5-ac54-b27d8820e440,18
3e42d972-c9f0-4971-870a-d13fa3ee0574,18
3f5a72b0-e3a5-472e-a0c7-260d318abc77,18
46f5ef31-b567-47b0-bbfa-f0b921c082e8,18
479fcf15-dfca-4ea7-9770-e36a122defb7,18
4bea990b-1d5b-4cfa-8d8b-77b7a0378d39,18
4c631078-db55-4bd6-8c01-f62cab4f4c46,18
4ef942c4-d33e-4f18-b59d-d2969f8e8dd2,18
4f980f0e-60df-4a45-9be6-8769b240061c,18
5db31627-c0dc-4bdd-b56b-a36a7deccfca,18
66fde2b0-a642-4b6e-8dd2-0e39bcedd91d,18
6b2413c4-18c2-4e50-ad94-d90520277122,18
6b80192c-766d-43dd-ac9c-3e91cb8adcb9,18
6bf95736-7798-4853-9701-37d2faa57677,18
6d3c1961-25a4-47fb-a1e9-542f48c1944c,18
74b55052-382d-47e4-81c3-b548345b46a6,18
79ac4193-1384-4165-8ab7-ef6fc4907a45,18
7b5f6e90-6028-4b48-9576-f86fd9706ca3,18
85be9a8b-19e3-4085-b3b2-21baf38b43d4,18
8a57f205-5cac-48ad-bf49-d28513d6b9ff,18
8c71ab46-b186-426b-96b5-d782c7610a8e,18
8ce937a1-05d8-4b25-8ab7-63bfaa909942,18
8d237b9f-255f-4d16-addb-a8cfebdf2b82,18
90045bd4-6f8c-418f-9a9a-24685f8c78ad,18
97ddd473-b2a8-4f8d-8675-68d9a9597751,18
9b27055c-97c4-46a8-bdb9-81e196a87c42,18
9f04a42a-aca2-4f10-93f5-6d8b5797be41,18
a43e31d5-29ab-4549-9700-74f4445ea786,18
a4662c75-9cde-4f2a-8c09-b0b3fc993f8a,18
b092eb62-79dd-4353-9c93-8779bb0c44c8,18
b19cc955-a54a-487e-97f1-edba8af3606c,18
b263d42d-3bf2-4ff0-ba9a-24f1500c1799,18
bc557fc0-ca82-494e-b29c-471ff29bd4c6,18
c152c34e-1126-4511-915b-9f37e7d01c8d,18
cab9eaef-4283-4d47-907a-474b207b5dd3,18
d299d804-0d05-48c8-ad62-601d54438e34,18
d50f10fd-d41a-469c-a5ec-8effe16c79bb,18
d815783e-a775-49d5-a865-c7749fabfb66,18
e0036abc-aab8-4269-8d60-93183631ee90,18
e2adfbfb-5625-4306-94a7-359fb23d8d39,18
e3a7f346-318f-45a0-a30b-0420f7eec4de,18
e8e8798c-81fd-44f5-98b2-240345fbb761,18
eb51165c-2014-465b-bdfa-423a62133e2d,18
eee6c8f6-165f-4dc2-9994-b5181167acd1,18
f442b73b-e574-43c4-8084-cfe7f949e7e5,18
fe75e069-ce25-4f47-9549-413dcf8b1e5a,18
ff04e666-3737-42f1-a03c-1ae99a8f263c,18
0a71a7ac-179e-4b95-bd55-4275a8f6167a,16
0c6ba821-777b-4088-976c-45368db50808,16
0d3422e2-dd92-4993-8b15-e8e0bf520a22,16
17558129-42e0-4c6b-a282-80ce7a4230a2,16
176f1302-d1c1-4a99-939c-e8370328071a,16
198591e4-d53b-45ba-a03e-a7ecb247eb3e,16
1a545530-2611-464d-9deb-507000c4c66f,16
1b337b57-8c27-4de4-aabd-ff2de6873fec,16
1e4ead13-4ed0-4ffb-b5ec-e11b76a5faa4,16
2abd5353-008b-461a-b18e-231cf3b0684d,16
2cb3cd03-75f8-429b-9aa9-bd986b7073f1,16
323d7b0e-3568-4948-9987-e123c31691d1,16
32ddfdb7-1efc-4029-96ce-1b00227d4cae,16
35d3d7c2-2a05-4eae-bdf2-7896e611bbc6,16
391b5c51-6540-402c-b686-fc6ee877c134,16
3c5840d2-06c1-43b6-8e84-ac155c40bd7c,16
3cc02dfc-af64-4771-86a5-ac9bae634722,16
3fe64026-e3b5-41e8-a297-d21b1972908a,16
43ef7c00-4400-4220-b036-588b54cef4a0,16
43f4ab66-0418-4ca0-a856-23cace21b35f,16
49c42422-3f59-449e-a065-8ceb560da5b4,16
55749476-e522-4acd-950a-ba968705bf41,16
56dfbb55-c7ac-4fe8-b97d-cb6930593308,16
582cf122-a902-49f5-895c-0a3d807bfe50,16
58f0cadc-0ec0-4e6d-aad5-341aa361067b,16
59ca07d7-8601-45ec-af5c-e831872919d8,16
5a0e132b-d572-4b7e-b78c-28a9ea523c2f,16
5bc084c9-37b4-46e4-9a2a-69121f28ebf3,16
5cc8cac6-b2f5-4a87-895b-7d9a42b70888,16
5ef5b542-b187-426f-b6f3-62a38eaab27f,16
65b0c801-9dd9-4c2a-9892-abec72e98775,16
78fb2e98-f86a-4af6-90aa-87cbe46fa2c0,16
7aab00bd-0bb1-4f71-8839-3c7dae0e2a77,16
87f876a2-19cc-4606-ac8d-0f54091763e0,16
89139daa-d31c-4a1c-93bd-6a7da4a8c2ea,16
89837e7d-3854-4502-ae8d-040d3776f00b,16
9295f1b0-c1cf-4dca-b720-84146395e058,16
92b33056-f289-4871-b7da-36a9f79dabf4,16
93ccc2bd-bacc-4286-8f9b-1281af567fa9,16
9c7777e5-71c4-433b-ad69-fe957a9bf408,16
a1d07103-a4e4-49a1-a1a8-d5b131d4a477,16
a90f4de9-33e6-4579-b241-50d2a4e733fa,16
ad46dfed-b457-4910-9a67-8908b7fbefcf,16
b1197fbf-9d93-4ed7-aae4-da975acdf409,16
b29c8b4e-bba7-46b0-a0d7-2252f609eb42,16
b5e958b9-df6a-4e72-a0fc-b7407f9ab103,16
be096c3a-cbe2-421c-8791-c9658fb76433,16
c398bb9d-8ba5-4f31-9dd2-97d09a289360,16
d26c7ccc-1946-48f7-a06c-6c996f06e2a8,16
d859af69-5581-4dde-9fd5-235888847495,16
d9e4c898-0e99-40bb-a16a-43f494496538,16
e8419696-be9c-4102-ae45-8318574b7687,16
ef83e1ca-eadf-4d49-a5db-4f324cc0b60f,16
f52664cb-2a7b-45dd-88f3-a6810381b5db,16
f8195571-cd3d-44fc-b994-6a41159a22cc,16
ffbe5222-482b-47b8-82bf-36f02a20d44f,16
044d39e9-f19a-4cf3-85c0-110ffe99b575,2
074a9ce6-8988-4dd5-8c86-d35deb22326c,2
0d1dae30-66da-44c9-ae92-fcc85f0e3416,2
0f1d2ce4-99c4-49d8-b91e-f06cd5448e6f,2
1b9df3fd-3e5f-4065-988c-8f520d9cee84,2
1d9411aa-0b23-411e-9c85-c239d1db47ad,2
368072b8-2e8a-4760-8f33-90bde1195718,2
3b3b9b7a-290c-4cc4-8230-35f783a46752,2
48ba59d2-0010-4707-aaa5-b3a819696254,2
49e11a1f-0097-4518-aee3-b624996bc875,2
4eeb10dc-4d3e-4699-a310-a8ad80d788e4,2
52d1af5a-32b8-461f-a443-2c3214b5a667,2
59dce297-ba18-45a2-8794-b89f21d59058,2
5f872b4b-a0f9-4191-8688-65a2b6ccd9a6,2
67556f30-f2ca-45b8-97b6-4a46a85b1ecb,2
6b912854-653a-4145-914c-aff8f3d6b49b,2
73e82ce3-6766-4acc-9660-6ca692b8d2d9,2
744ccd67-dcb5-4276-965f-c924e43042b7,2
78017ad5-1c67-4cfa-a973-2c8cccdf0f21,2
7d108518-4d87-4b6a-857a-8b37772c75e6,2
86101e3e-d26a-4e51-86b8-f9b8d0c57cce,2
919436cc-5f02-43d1-9636-d72e1490bb3d,2
b7044a20-50db-48fb-b9f4-e6df51cabda2,2
bfa15ad2-1b70-4087-a716-57e1a666733f,2
c269f4a8-d26a-440e-b312-a12157164f86,2
d38a4008-15f8-45f4-abf8-d1b69c054baa,2
d7d04ed9-dca6-4b02-8d85-597c1567544f,2
e3121bf2-ac22-433a-bcea-a794b43803a7,2
e3d7d010-89b3-4770-abc2-73e57a677c00,2
ea55e5ea-2ad5-4b49-be00-03597558d95f,2
ec801e13-6cb8-4079-b4d7-12186ca9b7f5,2
00f928a9-0516-435a-b084-8c579e5a01af,13
047b13e2-8605-4a45-babf-5ebac6d5eab1,13
064ccebe-3425-45ec-aa99-91b363a9f135,13
10092e5d-6ff7-4225-9d1d-52ff6b54ff08,13
108b1809-6725-40ea-ab1a-2d27ae032443,13
10ce6301-64f6-49bb-989c-fea0d3d5334f,13
114111fd-2233-463e-a606-36ef646ead09,13
13fac8eb-9503-4e6f-9369-350106f0188b,13
1511d07d-3098-449e-9065-23d681a7bcb4,13
155e5500-79ad-4a9d-ab4d-08295e7c491a,13
1ef1a9c8-7f94-46cb-9ce6-ad4012187d52,13
22126883-98d8-4e50-88fa-2f55ec23f6c6,13
2816b980-da2d-4f25-96ef-2dad1e9cd122,13
29ee40d7-356a-4e62-ad0d-b856b59dc7ef,13
2d84fe10-175b-4b87-b3d6-d22ff7413fb3,13
2f9483e5-9407-48f9-b7ee-655a593ed03c,13
34889979-0e03-4dc6-96cd-926f3b7d4195,13
39250ff3-abfa-4407-89d0-5ef32fae7aa3,13
3a8c3fbb-74d4-436e-941e-ce7d824e0e95,13
3c3f772d-6463-4820-9cdc-f6c212e50a80,13
3edb47b5-7f9d-41bd-8923-a3c19d90ff5a,13
419137bb-6044-4bac-836d-284e7763f95a,13
41ef0f48-80ea-40a5-a9f2-917b1f76594f,13
424aa4a1-c7ff-4ab2-baf1-c3b926518115,13
43ea00c2-74c1-43a6-b5a1-cc83bc488eff,13
47761cb9-4453-4d53-bb5c-a8943bbe2490,13
4b4abc0a-8c14-4e7e-9873-fb7b0d6fe273,13
4b80da57-4a63-4392-a618-0b4d419303b3,13
4bd7dd1b-9696-435a-bfde-28b16d6242cc,13
4d8ba9ec-d141-4e0b-b4db-a037777424f2,13
4dbc4503-aea3-406b-8c96-f71eddb247c9,13
552e9390-48fe-469d-acc1-aa5d5d52e935,13
560930e7-6816-4240-ad83-ef9690a813f7,13
56800f08-cdde-4702-af7c-4afa9fe8d801,13
62052735-79a7-4d78-8195-73345c8e6922,13
633a9033-a072-49f9-868d-ceeee26c7a4c,13
634812b1-d411-41e0-b57c-5adcf2d16526,13
643ac8b8-bfd4-4fc0-9e53-51ca303915c1,13
67253b3e-9671-43f5-abe0-50e9a143f338,13
6be27c0a-7cd2-4083-81d3-95ca1c7b3a56,13
6c0a5d11-09dc-44df-8df8-64c7373ef9f6,13
6c7d22ab-083c-4cca-a61f-4d194c5828f7,13
6d4168e2-8380-4b82-8e75-bdc3dcd7ff87,13
70314bf5-5325-4dab-a8c0-b057efe8a702,13
71e6a697-a445-440f-8ed1-710d5a21bbf3,13
72e8fe3f-0dd9-44e3-8775-660bacb17310,13
735fb24a-f1ae-4b1d-abcd-bb2145f19bea,13
74470bdb-f966-4cc7-ae74-632346594906,13
74be5e94-e4ee-439e-a2bb-e21332dc6d7c,13
7523357e-6667-4c70-9424-b79836169e9e,13
76642ab1-6aca-4875-826c-21e503aa52cd,13
7b86efe4-ae3b-4e83-9b37-a05bda0e81b0,13
7f383703-01f7-49b8-967f-38f0cf057206,13
81613fc9-9ff7-4647-86f1-63e8d928772d,13
82b72ae6-d248-4760-b3fd-7c4e94071162,13
8c73c61e-3812-4659-8cb1-8aea5887557a,13
8fa02d59-722d-4ea6-aa5a-a70125697163,13
93daf490-b42e-4f0a-a707-05a749d7eb6d,13
96f86415-4321-405b-a3ea-35f4445f215d,13
972c17c7-574c-4332-9123-8c268852590d,13
98db400d-81b6-42c1-bde2-3a0827de8946,13
99e38fa2-145d-414a-be5e-b3abedae3e0c,13
9ad783f3-11bd-4929-bbdc-b30804650f99,13
9db19ae6-7d68-4180-9e06-661ed7f49469,13
9ec9ce8b-099a-4e1f-a910-78942bada6e1,13
9fc8b990-f640-4594-9f03-2650edf5a59e,13
a0f128ad-293b-4ad7-8acd-f4390dd6076d,13
a24e5592-ec59-47e3-855e-c701e1966018,13
a3d29c0f-0230-486e-9ff5-5e58e5b0a4da,13
a7163c32-e4a4-4430-9870-21067e80996e,13
ab0f564f-01e1-4ae3-a0a5-d9c7c7f1d1dc,13
acd6a2d6-0f6d-422e-a9da-66f5383088dc,13
ace9cc13-627b-4343-81a8-d04568cd57f5,13
ad7e3798-a918-4f48-8b6e-9da58942aa01,13
aecc120b-9e88-419a-8291-d7206528f977,13
b01ef44a-111b-435e-b9e4-81125c3068e5,13
b1418f49-4768-4ff6-b38e-11ca96daadc8,13
b328a576-65d1-487f-b994-4b314fb63102,13
b52296bf-cb1a-40a8-be1a-a3f518a15d7b,13
b93536a8-715f-4bb0-b4da-4771427ce383,13
bb787f2d-c7f1-4ae7-aa88-db893168679c,13
bbf8b961-186a-4638-be57-c4cc4ee270fa,13
c0b7ca59-cb4e-40f8-b7d8-e555cbc2603f,13
c432fcb5-c675-4dc0-9ffe-15901bc34d1d,13
c4a8add1-1c58-4fea-acb2-54d2e41a4dc0,13
c7ae040e-9dff-4736-9d8e-67f092913fd5,13
cc26601f-290a-46bb-b69f-251de12bca55,13
cd0be164-e9db-498a-bf80-c748811454ab,13
ce775ca0-2d9e-423a-a631-c03cc9b58c99,13
ce8adb1e-57d4-432a-9550-6804f2fce0fa,13
cfa5f389-4258-4bbf-9f58-e43248cd5e74,13
d1338a26-88de-400c-bf5f-4efe4b169eb2,13
d2e5131d-1964-4515-b3cc-cef3f0f24a3b,13
d4f6bb49-44c0-4a70-84e7-1ff46a4c6eb9,13
d6c9237b-ae67-4d81-94c4-2686169cb367,13
d723defc-da42-44bc-bef4-daa7cb722bca,13
d93f143d-830e-4364-88c1-04cadd36b354,13
dae44cfe-c064-4d53-be0e-b8429122f51c,13
dc43542d-c616-466f-9ff4-f2d1cb808cbd,13
ddd93497-a256-41f6-b504-e9230d786d6f,13
df66f91d-763c-4159-bb74-ef7842a69995,13
e3dfd03e-c9a3-4864-8d25-a4a771f1ce1a,13
e4738201-7322-4178-af5e-5ae4fa44868d,13
e55392c6-b5cb-459a-a4de-d34e870cfbf8,13
e7498fc5-8393-4001-82dc-828429c48b9c,13
e76e3cdf-5250-4304-8dc1-8813cf2483d2,13
eddea3e6-400e-4a17-8d02-30623dbbb33f,13
eede9d14-bed8-419b-8d5f-5ea3cf897879,13
ef5c3eb8-4672-4da3-b793-f0478b9847c2,13
f8c1a951-49ee-4d43-8754-12885d408ec7,13
ff09095c-f8d6-4348-b365-19cdfb025c92,13
ff0bc5e7-fba6-415f-b21a-bef3f3700b2a,13
03145941-d829-4c82-9796-8aba242e97e0,8
045cc35c-ffbd-4b4b-93e6-7f89ea1f6b00,8
0a13723f-b464-4472-80a4-888bd0601a62,8
0cc21348-62d9-45aa-a8dd-17d03ffb6c99,8
0e540bda-bc81-4670-a961-6d6407e0f6aa,8
105db87c-777f-45cc-b72f-47bf88bd9aac,8
1350dbe6-9331-4582-90bb-08b986bbf731,8
14f5dddb-629f-4e54-9872-1040063e4202,8
1b518f9f-253e-4e50-b6eb-a55d1fb4f2ff,8
1c78b126-cb5a-49e1-962e-64954d2f265c,8
1df49667-c190-4236-9ad5-25644727de3e,8
1fafbf0f-c995-4ffd-b555-10aa3119944f,8
207af512-a494-49fb-8327-38a4d3c5229a,8
26933d07-d54b-42e8-a66e-9e56c0844098,8
2a589c23-1100-400d-af87-81c36123b877,8
2ce8a290-028c-4ed3-a8ca-7969e2ca91e9,8
2d420350-47a9-4f5d-843f-ee34a7f17521,8
2d7a6e1a-0d1f-40b9-8b19-72a16000c5fd,8
2f48fe62-8ff4-498a-8486-9bae1b46c004,8
307c5db2-ea79-4690-8e06-7acc6d3261d4,8
30de13af-1b00-452a-9167-b0749512464e,8
34a20396-8603-4154-ad7e-0f8e725777e0,8
37f2cbc4-d4b5-4207-bea3-641b610dadb7,8
3c9b5ef3-c783-4aa4-9c47-8fc29a34d5d8,8
3cf91c8a-5596-402d-a36c-8735bd5f7833,8
40497648-3cc1-4063-a0e8-566fb6e53f82,8
40c8391b-4617-4c7f-b800-cf4cb91b2904,8
40e52192-e554-40f8-bf6c-33ad9ed68590,8
44dd59e4-5a47-4763-b9a1-6d735983ea47,8
47e15379-a743-4ddc-b685-67584db357e9,8
4ab04163-a1a4-42ca-832b-0a7ad26aac6d,8
4bb72a96-1c3c-4b83-a8d6-14b3f52e2004,8
512f734b-c30b-4ba3-bb74-2e20b85026e5,8
51be4d05-ac2e-42d8-adee-0fe7c7d63c32,8
554edf9f-4576-4cfa-9c61-7ce436bc08ef,8
5666c32a-392f-425e-96a7-479e0b476afe,8
5805dff1-bc9c-4e20-b4dd-55248c8ffe8a,8
5a7ca5b6-cf7c-47f5-8165-3e609bb6c4f7,8
5afe0b7a-1673-4338-8619-44518cfebe80,8
5b2a17a4-45cd-4137-a8d3-e941a21ae17f,8
5e18edbd-b196-4471-97db-ef5c7e6159b4,8
5f4f3a0e-7a08-46f1-b831-a76de0a78b14,8
606baf94-8cf1-4ee0-891c-ec7e18a4e039,8
621c06d7-9ab9-43d3-ad7f-2629a2cde2e1,8
62c9ac51-97b7-411d-a393-bb1ddca9a84c,8
63a947e4-70ca-4f54-b603-766d7daa4468,8
692d4cd7-6fae-4616-a1b0-9d1854011692,8
6a7314db-b71e-4fa4-b8d4-403d5c1fd971,8
6c267641-34a5-4a79-96a6-7fd3ed29bd2e,8
7b501540-556a-42b5-8946-ba7a08435a6a,8
7ba20529-960e-4e60-aa4c-ea3650b0582b,8
7d1b9a21-2d2d-4a55-8272-7ed02fdf4687,8
7f1f0ab3-4eb3-4180-96aa-7ec4a43caba2,8
830a7297-51f3-41ca-a682-6d97f4694870,8
854fafe7-2c30-4521-9a01-461744b853c6,8
8b628eb7-9d1c-4e92-b097-051fde4b61ab,8
8e324e61-b9ac-49ab-8c45-81d0ffc77324,8
8e63de01-4e66-4384-bad5-13ce8824da6a,8
8ff570f6-64bc-4979-bf5f-044cf64c2094,8
90e2994c-3a42-410c-af83-ec9483e42531,8
9551a222-3fdb-465f-88eb-26f6cf71e64f,8
9624ec5c-d13e-420a-8c81-827619b2e220,8
99ee14fd-8b71-4891-a942-cd91222c3651,8
9b55f592-0a8a-4210-839b-9c97e0bbb81f,8
a014d382-226c-4092-b134-1d78d43f8085,8
a0395661-5b24-44ed-91e7-2f8911947072,8
a08fab04-2e90-442f-b843-92717b13a42d,8
a400eb75-cb5a-48b9-9560-7f4b19845c90,8
a54a6802-e685-4d22-83be-4b0422aa831e,8
a8b8a55d-fa75-4721-bdff-6a4a99e52123,8
a9dcd6b7-23f5-4ee2-84f3-a4a4ec807d40,8
aa09a404-1b2c-49a8-8126-31c15b1e3ff9,8
ab12411b-e13b-47fb-aa98-d6c5d4e1ec04,8
b073215a-671e-44df-876a-83e18dfe7c35,8
b1ce52c9-c2a8-48a2-af92-36d7cf18b7ab,8
b1f0c121-edbf-464f-ae78-a6df35e77033,8
b2f79aba-0188-4345-9eef-3073145b19f6,8
b4351707-02d1-47c6-a779-4263e348a034,8
b454aa44-6683-4fc9-bedb-a414e3577ecc,8
b488df41-8e2e-4c4e-ac59-b23b016d624f,8
b4a9f94d-9ae2-4016-830b-7b1f24915149,8
b7667c10-9231-4541-8830-73d6c6f5ba33,8
ba179220-3b79-4298-9831-9beb5ffc675a,8
bb1484f5-86d9-49e8-80ec-1ab2ece8244d,8
bb709425-d496-4c31-bb1c-c3ec3d9d3ffd,8
bbc9d298-20d2-4d21-b892-49d2562f1020,8
bc41c142-da12-43e1-a68f-be8ad515e47c,8
c1ec0b4e-5f65-44db-b079-afeeade356d8,8
c27057fd-291f-4b9b-9f0a-8ab399f740b7,8
c3148faa-e3dc-4ce8-a3e0-3f33cc599078,8
c47b5173-d1c7-44c8-8eae-b6e110cdd18d,8
c855b5c5-fdda-422d-b10e-a7b1b568ea05,8
ca187005-6f61-4f42-9c41-ff84302d815c,8
cbf7b539-3720-4e83-aa2c-a938c177dd45,8
cca4875d-e050-42de-a22e-bc6d4c46c428,8
cd7c1397-cd12-4035-b11c-9da28ccb4652,8
ce3fd705-b8cb-4d35-8cc1-0dc0ff37965d,8
ceb4cd24-343e-47dd-bd4c-829f7e19606c,8
d103cbe2-a1db-4187-bb42-d2b197f0504e,8
d278205f-4175-4dbb-a398-5661a0a9c9f3,8
d2960457-2579-4775-ae89-5fe32911a14c,8
d66f0156-b306-42d3-8e23-69ef22958ee8,8
d8239055-cbd8-4a96-81dd-77e5bd0911e8,8
d8804552-cb20-4a56-889d-ecdbd234fd47,8
d8fb8ea4-1b4e-4cc6-9672-f51db46e22c6,8
db0dfa8c-52c8-4b37-9e8f-399810a4b937,8
dc3eac44-de49-4b48-b6f9-26e2c6a0f606,8
debb1cc4-7e94-4982-93b2-9bff243b6210,8
e207a109-94f2-4c72-a61f-8a806120a263,8
e285fafd-4972-435d-8fc3-264db1aa375f,8
e2f8ef6d-b117-493e-be28-4d92f9089527,8
e4ff23a1-7994-4509-8c02-d0cd5b9a545d,8
e6b8cfab-0a8c-4620-a18a-66b15dd6cd40,8
e7071d9b-c7ce-4e9e-9051-9e68ecd047d4,8
e754e649-01c7-40d2-bfa7-074ab828e981,8
eb838fd4-b2b4-4861-b3d9-b0dd20db5e4f,8
eba65dc5-bf02-4cf1-a97e-5ad4969772f7,8
ebb84990-b19a-4969-a563-5496ef99fba1,8
edd26e97-a986-499c-a8ad-9e95d7f35ecd,8
ef727011-88b8-4f49-8f4e-204a213af7e2,8
f16032fd-e8c4-4f86-aefb-047a51ec4750,8
f678719e-abb8-4b13-a521-9cb0dcd47629,8
f7db2a66-e8be-45cb-ad00-1cc7a06130c8,8
f8dbcf22-48d5-42c3-b4e1-843db39f5300,8
f8e93a6f-5e30-4010-b7dc-efc1505f82df,8
f93774b1-c625-44c4-89fc-e1af0eb4a83f,8
f9c105e9-828d-4677-a3fb-7810dccee07d,8
fab1b5ee-91a8-416a-b108-ae91f15af20b,8
fc8d5abc-e221-4f8b-963c-0c8bd2f5f47a,8
fcea61c9-f533-4fc3-bc02-b3f3300fc50b,8
fddea024-bee2-480d-84a9-ca0f24fa7d9d,8
fde9c160-dcdc-4e34-a83d-941cfdd8d533,8
feac6688-e626-4469-bb45-b77ffdac4b09,8
ff9b552c-d618-4689-b662-639d529d0961,8
ffe866e6-15f3-4eac-b399-cc4ae7056a78,8
04b5112b-d418-462b-ac2f-d709f1b05fe5,9
06c9fcf4-2410-4fa8-9c92-f9939acadfcc,9
1337499e-17c4-4b72-bf2c-a6f0b8fb4d22,9
177ceb97-36cd-45eb-9554-13a1a6e81074,9
177f5aa7-aec7-4f16-9e2d-34a0a4eea959,9
1b21e215-77d1-41fe-b973-bdb93c627e8b,9
2395d2cc-4425-4c12-9f38-d0a592a9f112,9
252f6030-bf48-428b-830c-cf4c2c9ea7bc,9
2a29ff1a-0715-416d-9a39-8c5c4c8479bc,9
2bb76441-17f6-4536-8528-09bbb5075fee,9
2c5b0194-5ae2-468b-82fa-ba43b5dbc8f4,9
2e04d1b0-ccb7-49ef-b170-b23d724ce287,9
2e26d7e7-b65e-4468-8096-5bed0ef99988,9
2fa6a3d5-7d16-4e4f-b2f8-7c38db875015,9
32589602-1ef2-4c20-a4c8-2a10dad2a786,9
34d0322e-18b0-4ed5-9c71-cd836daecdc4,9
3c5bf339-e205-4dd7-8df3-4df927edcf3d,9
3d0f0916-b678-4b81-b3e5-bead3c55f64b,9
3d8d43ae-ee5d-44f5-af09-cd625f0789de,9
3f824fa4-297c-4798-aef1-595fb4f194e9,9
41521616-32ca-47ef-98ed-a8ea35b0e18d,9
41f85f4e-c8e0-41da-b292-2229ba94e262,9
42246e79-72ec-4363-b916-884add8ef40a,9
46d3a792-6bcd-4986-b394-c89124bc2c9d,9
47507ff2-be57-4378-8602-ee3e1ee1171b,9
47e08ea9-0457-49be-99d1-34cdec4ff4e8,9
4e841266-969d-4f8a-a6c6-64084420c833,9
4ea34a62-1833-46d9-af2b-c29c78f4b3a1,9
519e7a8c-cdc0-4c4c-92a0-1230adbb1ec4,9
51c38ec8-8463-40de-9727-93035d0e77ff,9
52ebcea7-d9d1-473d-885f-f04c806a557d,9
54845673-b90f-485e-8285-33e4ceec1328,9
55e02426-6483-4f93-994a-d060f3e3d9ae,9
585ceb8d-2571-4292-b63e-9f6aa20f91fe,9
5e8543a8-057c-40f2-82f4-9d938005e9c7,9
60450cca-fb47-4eb7-8d58-4a5ea88eb8ae,9
6196bb3a-7d97-4668-9e49-da11a40c5876,9
642047d4-d7e7-4418-bc63-96d0693c2673,9
64dd086c-5c33-4af1-a621-0936f01a59bc,9
64ef917f-40bd-4620-8758-8f4f7ac13fb5,9
666352f6-4781-4d53-85fb-6c606b96d598,9
675a7e38-35f0-40f3-b09a-daf293ceecd2,9
683889b7-f22c-4584-ad8b-eed20132bf40,9
684cfcbb-2157-46e7-af31-590a7b472731,9
69686cac-d1c0-4989-b1d2-e7e458f4dd9b,9
6b0f45fc-3044-4c50-a262-c3fa6783d7ad,9
6be17857-645b-4916-b8a7-a4441bc01eed,9
6e1f5ef3-d57f-4d76-bde9-bf39121731d7,9
73542c74-ece7-4b5b-9b04-b4c85dc04026,9
776cde55-d345-483a-9ca6-1ace009295af,9
799119d7-e0fb-4dba-adfd-abcf598b4db7,9
7b42ca70-354b-41e9-86b6-8de4f1e057df,9
7b8efde7-fcc6-4482-adc7-812f97cd23d4,9
7d6a1506-e1da-4d16-8128-20f084024649,9
7e25b6fe-c265-43d2-aaec-48da47de72c9,9
7f68a803-c6c7-4876-8f0a-2d5312e5f823,9
824ee971-b27f-4b9f-8d79-c5b37f2cf960,9
8967e9e5-4546-41d2-beeb-a1f2d39f94a5,9
8d3bf9b8-77aa-47a2-b672-d3f6ab783bb9,9
94467712-3633-4923-9dec-305a6da04e37,9
99e1d824-56ed-46ac-b516-3374465a323d,9
9b9a7159-1d9e-4fd0-b2b0-e6cabdde4497,9
9bb79bbf-e83e-4ea0-b55b-df503151add7,9
9c69c8ec-9b0a-41c2-b92e-655ce5c65901,9
9cb7a088-3049-4757-ac83-19669bd35bc3,9
a33a24ea-6363-4ec2-a30e-c33db3e3534b,9
a40929fa-351c-46e3-86e6-ef362e53c811,9
a4fffebe-5b35-4ded-b83b-14852492ddca,9
a5eccf41-6a83-47a2-a270-4cc5b3a5690a,9
a8722d21-ab58-43c5-92ff-ff1615573a69,9
ae7fb26a-8e33-45f2-9e9e-52396c164b43,9
b4924fa5-9c96-4797-af4c-0a8e2ee6bd09,9
bbf6bba9-bf19-42b2-8808-b378a379ce90,9
bc9cc077-022c-454a-b526-e40cc2ecbffd,9
c7082b1f-f852-4066-b088-e969a156dc8f,9
c87131e1-8d2c-42de-a64a-cba3f04577dd,9
c9baca67-cf7b-48d9-bbdd-d911f4a703fb,9
cbeeebbd-b31a-468c-9704-f31c0788c30c,9
cc228fe5-7345-4deb-9178-a6a48faa3eb7,9
cd491ebb-c095-4b08-96b5-ff85c2f4d327,9
d1631662-5f80-4be1-b1dd-b2f8bdeed8b2,9
dac53a18-1097-4987-93ac-d3bb4fa14b3b,9
dc2592ea-eb1c-4ebd-9fd8-cb0078c93d1d,9
dd2077c9-a376-4a33-bfef-5e1b53bfb5a1,9
dd620737-cb99-421f-9a19-9bc9e8c19776,9
e00e77ac-b0b4-46fb-b98a-0922c87bf7c6,9
e02e233e-8387-4ca0-ae57-5c0dfd909f9f,9
e1c11f1e-06cf-443c-818d-ded457253b17,9
e2bdb4b4-4109-473b-8e28-1fc0df35259a,9
e39d1e76-3cc4-4874-8839-32b1759dc853,9
e4d4ca5a-b7ba-4331-abec-0d47cc1edd8b,9
e5397681-2ffb-4924-8bb4-e66e946edb46,9
e6f8ad47-928e-4443-ac44-8a752f8eb81a,9
ea01e7c2-cea2-4a31-b5f9-eda274f87a66,9
eb3eaf62-0dd4-4fb6-8488-a53f279439cc,9
ebfc2919-23d2-4299-ba8c-a8ac65acb1e3,9
ee2f5922-0eaf-4709-a3fa-c2c341b420b9,9
ee579b79-c118-4574-9bd0-c078a5c9a9d5,9
ee5f4573-af1c-4400-bcc3-c1377cd31cd3,9
eef6350f-8b91-4ac1-ba49-e3620432f03c,9
f1613d85-2abd-4260-8454-b2fa05cbe99b,9
f2399c51-6ec8-4ba0-bb73-7caaf7ade4c4,9
f2623b91-a522-47f2-92a0-be1cc9651c2d,9
f5ffda25-2db7-4aa4-bc4a-76bd3ea5bbd5,9
f97fd653-7fbc-4632-91a2-7c3cfc038aad,9
f9f95afb-c216-4c9c-adb3-b47e6a307b11,9
fa08ba87-5032-4c0d-881a-7a1aeb81b0fb,9
fb835932-ac1e-45a7-8706-545805841d0c,9
fd5c7307-e866-4224-a5b6-fa091f0117d0,9
ffa45e48-7b51-4953-a853-564e7ccdce3b,9
0062bb03-fe16-45d6-96bb-67099c53299a,1
05888ea1-ffc4-4bcd-8ee6-efd7f12c6f80,1
0623755a-d349-44f2-baa7-4690cb68edb3,1
077e2ff6-447a-4c9e-b332-03eca7d66b20,1
07fec036-d4c0-4651-abbe-5e7f430e5242,1
08249ef7-19e8-476a-9930-9021f1293738,1
08868477-f5d2-4f3c-8e8f-c5e19472de5c,1
09b5293e-2e3c-4dc5-a29d-1e0abbb4c3cb,1
0a2e530e-c3a6-4fc5-8cc9-1d8847a02f22,1
0a8c37e9-3fa4-4e11-a383-552010bc2585,1
0b26329e-2908-4bd8-8294-aeafb1b2bc13,1
0b8623d2-f5ff-4bbc-9f42-788e1a9d5e81,1
0bfaeebf-d4b0-4134-b974-5b32f6eea52a,1
0dbaa86b-23c0-4451-8a25-38810a5daf1e,1
0e4ede31-e71b-4c88-9c55-85e03aa05b1b,1
0e9b9247-c892-40d7-8b2b-b6453f79569d,1
0edc59a6-f0ec-45dd-b25d-21cdcb6c578a,1
106dca61-d798-4eed-8a5c-c43384e53a16,1
113d8189-3ce0-47bb-8f18-aa75ca017590,1
14729eb9-c885-44c4-af5e-e06faff5eb3f,1
16bfe311-6965-4737-a23a-c8087e81ad8b,1
171fe290-0b1e-4487-bfc8-7842ca4f2ac0,1
185a7540-4d6c-4964-bcb6-ec4fbaf6e9c0,1
1906a53a-25e9-42a3-a65a-0e8e3d08788a,1
19382508-7374-4474-9b27-74094edcc24f,1
1938cb65-6cd5-42b8-ae58-4596e1264d4c,1
1af04b43-42f9-4a0c-9370-dc8db455252c,1
1d303309-c95a-43a0-bbc9-be2db27034d4,1
1de66f8e-a97e-4c47-bf58-bf1f1170195f,1
1f594503-7b08-4194-b2e1-e4b149fe1392,1
1f96bd51-04fe-4aa2-9820-05f78230afe6,1
1fe1120f-45c8-4072-8d6e-1fff5e7c6fc6,1
20cc9eab-c496-4403-b846-b7fa3049ae14,1
236a8b2e-2e49-4804-a2ee-862a432c6193,1
237a5f34-8665-49ad-bf9e-6e61f3d2c275,1
23951824-470e-4a32-b36d-f9544b3c6eb3,1
242512ac-6e6c-40e8-a761-e041263057e3,1
24dce781-a850-4959-92ba-6303c5f57918,1
24f8b890-77ea-4b75-a1e5-a279f796119b,1
2520a170-c0e2-4eb8-9521-361a83740b78,1
25225778-cd78-42bb-89bc-296c964d590d,1
2547ca5c-ba22-4c87-a7bb-9ac1e563c4de,1
2549c1ae-8ed3-472b-9a71-2a4510fcbb12,1
286ba920-9854-4d5d-9261-7d9fd504d6ca,1
2ab7598e-eac9-410a-9901-404046ce8682,1
2ae12aca-c292-46ef-a40f-e094e386c2a3,1
2b127b8a-1c0e-4e55-b9c7-bfc78aabdd51,1
2b4dae8e-5531-44c1-ba29-ee2b9316d580,1
2c5b6484-dd91-4c03-a545-0162d1af5ebe,1
2d4badce-23c3-41bf-9fcb-fba9cad84d28,1
2e1e5fd4-9948-4ce7-94ad-a1250d5acded,1
2ed9fa68-4def-4faf-aa3d-810d9b4b9d8c,1
2fba1c86-0be6-4ec6-8ec5-fe0d1e1a4f39,1
2ff56ea5-9d14-4898-8615-c3dad4727693,1
308b2b9c-d49d-4b2d-947c-5b2370da090f,1
31941da9-719d-4ea3-9d82-6eecec789da4,1
319cfdb5-c7b2-4431-b4ba-4864edfc9db4,1
31da1e7c-ef22-418d-b878-a57a4db2798b,1
31f88efc-1b1f-4ed0-8eaf-46a66d85a0e3,1
32199094-3bfa-463c-a9cf-ba91052b603a,1
32d0ce4a-e9a9-4a5a-aa52-be70c2bc62ce,1
32d50adf-c09f-41a6-aac8-b234c9b21900,1
349e9941-66b9-4bda-b7ba-4548724fd992,1
34dc8451-c457-458d-87df-cfe11a2340b6,1
34e3dcd2-9673-4676-a073-f5606ea83c98,1
362b7932-0bcb-488a-9b4e-977fb8b76b74,1
370e8be6-eba6-48f1-8a2f-0060e4110167,1
37d4ae3a-ce25-416d-a576-4ec959dfd76a,1
38399fb0-0318-428d-a3d7-7215ab5c5d7c,1
38a54dfd-5977-4eb3-bff7-14d24746a52a,1
3a28c494-f9ad-490e-addb-b154e7388846,1
3a845732-ebc0-4a19-9008-56ca13f183b6,1
3a94948b-d6cd-41c9-8bfb-9ef4c5e77ca8,1
3b920741-3122-4690-bae9-ecdddcd420b1,1
3cc7a3ee-4691-4f60-a549-268e813e2c22,1
3cf25f17-9210-4c6e-94da-4ea7683c24f2,1
3cf41387-d041-409f-aba3-738649fbd88d,1
3d1e68f4-6f1b-478b-98fc-b3d846118ac2,1
3d9b2e25-f572-492f-bd6a-9404e276c02f,1
3dbe7cc3-48ef-4b61-a53b-2b6bfd96386e,1
3f48527e-b835-4277-abff-6f8b20fb98c3,1
40ce49ee-f267-4337-8bce-5e301a146772,1
440634a7-01f6-49dc-8b7e-a451d8e2dc1d,1
44e44e62-e992-403d-b41c-db249512dca4,1
4569ed3d-19c4-4424-8245-f158de20c3c0,1
45927348-f670-4f43-8e6b-96df6aab140a,1
470c98ff-7cd2-48ec-948c-d6dd8f3130ad,1
475fcd6e-4089-438b-8242-f121f87bad75,1
47b27c1b-fd0a-4fb3-adad-0605f5c876a2,1
499f2a06-e09f-4aa0-ba0a-fafd4bfa038d,1
49b3cf33-dfbc-4059-a2a8-1e5e8c7e9d0f,1
4a04c8e7-58d3-4a77-9310-b57d81e77b1d,1
4a72c7fa-6921-4f1b-b589-01108598bfcb,1
4cfa8ce6-1646-4265-a1c3-50a2ce8a7de9,1
4d4a78a2-9283-4c29-a655-caffc71bddde,1
4dc508ec-9fd0-4938-a5ad-be78ca1277d3,1
4ddd34a0-e17f-4c79-ac49-b558c5834a03,1
4e159620-5dcc-47c4-ac38-0e6df10a1750,1
4ec2d85b-a372-4f36-8ab8-f02609dd52bd,1
4fdc9cce-25b6-471c-809c-0cbfdd46444a,1
518e8ed2-9ab1-4f9c-9051-3a1776826be0,1
51b8afc4-729f-4315-a2e3-f9dbb9a4a0ef,1
51fc1c62-4a48-4f66-9d0b-1e4be77451f6,1
5310cba3-e1b2-447c-975a-1d38833b8576,1
5408376f-e3c9-4c54-825c-3b4b48bd668e,1
55a9a3db-4e72-4297-978e-0be151eecfc0,1
55be4b4d-3a7c-461c-bf0a-6d7644ac72c7,1
56f68863-8f36-409b-9cc3-181a62819db6,1
571eacbb-6518-456c-be96-28c21f5ae810,1
573c8fff-fd53-4374-9ee7-2fe0e231f4da,1
577c389b-f931-4f40-a55a-e0d6ccb51944,1
581059cf-f1f0-4e25-a07f-7effd6fa1521,1
5972b8e0-4b5b-4946-96da-1705b87b4caf,1
59a14e2a-27a1-4cbd-9d30-46d2544af829,1
5ac33df9-c6db-4b08-ae9e-277160807f80,1
5d19d30d-4ca9-4521-bfcd-15623d3335b6,1
5dc49376-4add-45d2-ab0e-1d77270252c5,1
60354b47-4790-4f9c-9645-b63fcce99d0e,1
60670fa6-a470-41ae-9271-05baa8dec68f,1
61dc4d56-a928-43d9-b9ef-b4d590e5f109,1
63317c3d-5e0f-4113-a60a-f2fbe4087907,1
64b93fc0-67ff-4b18-87db-9a10f0f7fc4f,1
65563b66-90a5-4e75-9390-397329c9fdf5,1
663dab2c-5115-4495-bb11-803eb6de0295,1
675b2d54-395a-4ad1-90e5-dee5aa184f9e,1
676a3bad-04fe-4864-86f1-4a98733dee5e,1
676adda3-580e-4315-b981-7c87a2a54aa8,1
676f8bf1-5d83-440a-9f8e-37d6677f9894,1
67724cd0-a3cc-4db5-a9d6-75daf12a2305,1
67ab9ca8-5244-40cb-b544-13eab94a59d3,1
683d5e25-1fc8-44f1-a13b-e71183ab46bf,1
68644bb9-b308-4390-823c-151b59dcfcee,1
688bfe27-3943-421d-a6ee-6db1e4cdaa3f,1
68f6eb5b-c608-4fab-99fd-f6816ec0be53,1
69ba2ea0-1dce-4757-8935-3e2302187159,1
6ab5191b-c95e-42ea-881a-eace6d478be1,1
6ad549de-7b7e-4276-86d7-626766b0f858,1
6bd1d991-cd70-4b43-a8f9-faffd60c7252,1
6d67aebe-6159-4a62-912f-ad31caee8707,1
6dd9e07a-d095-4d31-a3b4-39b525243739,1
6f80deaf-2549-4c4e-9896-49e87c265b6c,1
709f4688-5a0c-4b02-aa23-935a557433cc,1
70eef60d-aa07-4c92-874c-7b79c34a3757,1
72478cf7-731b-4fb0-b877-f01764e92d60,1
730a83b4-0d5b-4cfd-b37e-0c581a5754f0,1
735c5dc7-56ec-419b-aa12-e091a750c007,1
74b60ead-cfe1-4094-a422-288cfa164bcb,1
76a558c9-e51e-47a7-9891-dee6041e0bfd,1
7700bed0-5f54-44ad-aa70-b611b75d4479,1
7721259f-89f0-4864-9ef4-620d17620ab6,1
77cdda96-6e5b-47c1-b486-9f06da2c7372,1
77e2bc02-5a82-42f9-8946-6d1708ec8ae8,1
787f52b1-a15d-40e2-a3af-35bd85f17e2a,1
79820c72-5521-4bca-a51c-efa1bdb793f1,1
79a08e7b-d524-4374-bb17-597dc74f01c0,1
79d83e84-e757-4844-9234-5e7ccb573ed5,1
79e12cf6-5268-4cd1-a9bd-5ba19bc38b6f,1
7a63a92d-7a4d-4180-a0a4-b60ff767271f,1
7a8e3478-9a5f-46e2-83e3-cf2ce03053be,1
7c014ec8-3658-4202-8e01-0c55027f8e74,1
7c1fa797-a8e5-4ed1-aafc-7687eb519e06,1
7c3ecb20-1715-4651-acaf-7ef857ecff85,1
7c80ffb7-ec6c-4b65-a6de-cb51d87e7193,1
7cee1642-dd24-4164-8ecc-e5076481b186,1
7d39abe5-80bc-4c31-9621-daf887dfebd9,1
7d991a91-28fb-48da-a764-48f201459449,1
7e3bb803-f698-41b6-a126-b657f138c2dc,1
7f90f179-cbbc-46f8-990d-f86043a063d9,1
824ee078-8405-416e-9751-3ef28e644fcb,1
82972c53-d074-488d-872d-d120e73a283d,1
83dee938-17c7-4b79-8a76-0e32adac918a,1
83e1815d-b48f-47e6-89b6-9b52e5875c79,1
847d5758-00cc-4684-b357-b280c2b6adda,1
865ca022-5f06-4926-90c3-6b2822232f1b,1
86748b8b-d1a8-4571-956f-859898dacf55,1
8687ce59-1cc4-4d14-a91b-248054cc8ea7,1
86c1ab1e-7707-44d1-9ab6-e0918c59fdeb,1
86e7d7bf-12fd-4ffd-9c91-59274013f78a,1
8a40dfce-f727-4b27-be4b-dcab665b09ac,1
8b1a67fa-31a5-4a69-b344-86c6399c7629,1
8b3dab1d-74e3-4c23-ab28-6c801c095293,1
8b5144fd-7457-4296-87f6-61486d2235a0,1
8d67c4e4-a929-4747-a04b-41fc6a6307ff,1
8e0cee5b-f349-40d4-906e-020d93b5e262,1
8e5b2fa4-03f2-401f-a618-4c29b5e25c84,1
8f57afa4-bf5c-46e8-a6d2-0032867b2b38,1
8fbfd424-5124-4fc0-8615-9588b86d28f9,1
91258478-3800-4270-9ffe-0d4443d4abe7,1
9221dccf-44f3-446d-b3ce-19f9123ea627,1
9308c5f7-4a61-4166-a50b-03ee7ca5ab39,1
931438b3-4abc-4394-b050-18fd3fc73968,1
93b1dcf6-7332-4d67-a695-bb9d80d0844e,1
94bb025a-f002-47df-a099-b5d19f78d1a6,1
94dbe6b8-040c-48eb-8b06-5ec8935befac,1
94f53080-79b0-417c-8304-7971e1d9cf5c,1
96751a37-aaee-45ce-9abd-5478fc7607df,1
9690da86-25e7-4614-baf1-3e65f4c71af8,1
9750f6ff-f3ed-4d74-a7ef-bb527801b879,1
98b1c96e-9073-4fac-a516-34ee111b6596,1
990bbac2-b957-4285-85e0-137e814a97fb,1
990d4a0c-cede-4938-bdb1-fdbab1544989,1
992a4b3a-4780-433e-b35b-3acaaed1fa46,1
9b76df3d-e67d-483a-b834-7ab62a9b75d3,1
9be9e091-4f3a-4a6d-8c5b-5fa11de7ec88,1
9c0c047d-34e7-447e-abe8-7820b64d0c01,1
9c1af59d-dffa-4a16-a88a-0fb6d80f08c4,1
9c6e021f-ec9b-4ec8-a7d4-87aa29f7aa5d,1
9d13d0d9-55b2-4b1e-ad99-f2609e4c10aa,1
9df3a888-d524-4d02-9f1b-edf0c71362a2,1
9e5c5ce6-647a-46dd-bb8b-28bdbbb8e2a8,1
9f240a02-41db-441e-954d-d9b64c4979d7,1
a010c12d-800e-4f12-9ecf-e641d5048b5c,1
a01ef482-1c55-4bd3-9c63-b2b4d449aeaa,1
a0e18e1a-7d45-4157-ab4a-425749d214bc,1
a1913b73-d488-4464-a1d2-1109b6bc1cd9,1
a27914a1-c37f-4359-b9be-d37c01194f43,1
a3321e29-20ce-4b37-bda4-fd9af087848a,1
a42d402c-0028-49b7-ba9b-3e0a357fca73,1
a458fbe0-4220-4e4e-9c74-65b3f5fa340e,1
a515e6dd-797d-4d61-bf90-a01201c7d9a1,1
a5c7f9e2-11e7-4639-90be-2c71e21a9aa2,1
a616b4c6-482d-4e54-81c8-e6351de52c0f,1
a6200edc-eae0-46b2-b743-48ddafc6d1d4,1
a6295c46-5040-4eaa-a846-0665f3026f23,1
a6401c68-50ff-4b93-9881-570f4f689548,1
a6ca6993-3b73-4a84-aa4f-4610b18dd91d,1
a7e43b0d-e886-4484-b18f-c8ab22132922,1
a859073a-0ebd-4ce4-9f88-ec451d9166bb,1
aac775ef-c71b-4dba-acce-7f11f7de8ba2,1
abffe7ce-d19b-4cc2-9db9-e21605559f01,1
ad33a7ad-1bb4-4a11-9141-dedab802dfa3,1
ae34b749-79b0-4bfd-bc04-ec8e22e2441e,1
ae582af0-7a5f-475b-b5ec-984c65b59baf,1
b01a7339-5643-4b46-994a-42035caec4cd,1
b16754f4-a7d4-4f96-9144-bbb69fb2fc7a,1
b30d7d7a-79c1-4e5e-8948-679cb0597a39,1
b3391e39-1633-4943-adff-56318546a28b,1
b4cd5097-b8f3-4b44-88bf-8e93d1bbeef9,1
b6d54110-f82c-40a1-8b56-eb95abcd2e29,1
b707298a-b13e-4e12-afa9-6d70f935f7a8,1
b8125cbd-87b6-41f4-b96a-2296b9069712,1
b8239d06-f4a7-4fef-a938-1c9e8a7ee0a9,1
b8f5e778-b5ef-4760-9017-706687b7d8b6,1
b9aff606-6932-4d81-8f4c-aba86f208241,1
bc414e3e-09c1-409c-84f4-b35d0d244a4a,1
bd8dae0c-dbe0-4f2d-9087-b7d79cfa146a,1
bda2516a-f83d-4c0c-873d-4b6fa62b56a6,1
bdf8bdad-4fa3-47e6-895a-f05b9e7ba698,1
bf7ee978-8d3e-40e6-95f7-99d5c8cbcaa0,1
bfd16ff1-037d-4c80-aa9f-ce7dc353518d,1
c2e7362a-abeb-4ccb-9b74-68018335f2d8,1
c30180f3-b35c-470c-b25a-f12ec4ce3340,1
c3acc87f-9186-49b3-9043-05e4843642f5,1
c3ba12d1-63a2-40ed-a556-61d3bd27d0b6,1
c3f8e8d3-50d7-40d1-947a-5b663c9eaf74,1
c4ee11f0-a425-446b-a0aa-52798b9e8c81,1
c5492ed1-020e-455e-86aa-f0ef2197501f,1
c55b75cc-cfb0-4a9f-b66a-7dfdd326f13f,1
c5fd4f4e-070d-41c5-8e77-c00c5ee2355c,1
c7919485-9c89-4fd7-9047-65713effa9be,1
ca35dec6-e198-407e-811b-b4b39f0462a6,1
cb025fc2-1cd4-4c23-9335-8fbf757583d1,1
cb338bbb-d7f3-4f42-8896-a07ddb1164c1,1
cc0da5f9-6ec7-467a-9818-e01c47b3f92a,1
cd2d5904-7ca0-4d00-bdea-73bfbd3b56de,1
cf2ccdf5-e631-4f06-a4e6-cdf33f547d73,1
cfd7e831-62ca-4b20-b81f-15ce512ce21b,1
d0287dea-599e-44c2-bdc8-e466f4d2d117,1
d1935063-ebf8-4664-a977-ad751a5ae73c,1
d217ea9d-2312-46a6-995e-e7df96601150,1
d2ad566f-c59f-4b85-8525-8f8dd051db3a,1
d3577671-d3aa-4077-b28c-fa781b32ee7e,1
d3648552-1259-4d14-a2dc-c3551eb92f75,1
d3857ab4-12a5-4488-8191-a5da607180ea,1
d580df48-3b6f-48c6-ad34-ac7f2dc7f95a,1
d70805db-96b1-4187-85ff-0e512488becc,1
d8f58a6f-0353-4dac-bbc8-1882f19a0409,1
d8f7f3cb-11ff-4aec-9b0d-739bdf6b6ea1,1
d9150687-b738-49e5-a21b-e7139cc62cf5,1
dbcb77d5-a4e8-4672-84ea-227c622acc3a,1
dc10ba92-6a4b-4539-a584-df9b50bcf0b4,1
dc65f8ce-290b-436e-8b53-fd0101d2d2f3,1
dd5ac190-f684-435b-b140-5da8a60b5794,1
de0889dd-65e6-4785-ac64-0d77f49b02e9,1
de880c25-1d54-4c38-b49a-f6345168583e,1
de983da9-83fc-4293-bbe8-1b56cb25eae1,1
de9d5f15-317e-4a76-a023-c0a910d498a8,1
defe6866-8b08-4922-a12c-c86b55c8cc4d,1
df161f35-a3ab-4ea2-b5d9-cd2dcc66c325,1
e108db1d-988b-4d9f-8670-fdd291d195ab,1
e2a3a9c8-b5e6-4267-a3bf-091aa2871684,1
e3c03948-0958-4b72-801c-e21757deaa55,1
e440dbcc-ca86-4f2e-acb3-95a09a02a9ae,1
e48bb548-a87a-406f-8de7-14574c95df2c,1
e4bb1f04-51cb-4ecf-883b-4bf86bb88c85,1
e693256c-a17b-497f-a3ed-0e5bd6d109b3,1
e6b3f591-0335-48ab-888e-2f9dfec2bcc1,1
e7f3a4c3-443d-4763-8088-23545ef658fa,1
e7fade10-8385-44a4-8e49-0e933422e3a7,1
e87ff8a2-15f2-4990-bc5d-3c3a22938903,1
e8f85eea-1974-4000-bde0-2ea7ade70f67,1
e8ff2cad-583e-4505-9de4-5ca52f31ce71,1
e9506de9-4906-41fc-99c6-da39b8bf758e,1
eabe70d6-49ce-457f-ae9a-fb3cdd1a6665,1
ed770d94-48cb-4d61-9ec9-49f093613203,1
ed81d08a-f1ee-48ce-8666-78acef41ab22,1
ede69ce4-0ff7-48e2-ba68-946cc3aceee1,1
ee9a3a36-3ba3-4d0a-a34a-61a6de77cd26,1
ef01c7e7-37a6-4699-9e61-8ac05f02ce57,1
f0384499-a5ae-45f4-9418-4b57aeae66d0,1
f1324fe8-642c-4c50-aaae-de935de15e07,1
f1bfd261-5318-4173-b04d-9c618dabc1b9,1
f1e40858-27e2-4554-a956-14113786e433,1
f1ecb263-7058-4fde-88b0-a8871f98c1c9,1
f27c8195-29a1-4b37-b807-e1863969affd,1
f30c7702-ece9-4b15-8f6b-22f305654b91,1
f44623b8-cf44-4cb8-8438-b48e0be2dab3,1
f4708268-fada-4d7d-acc3-183a10e4fd0a,1
f4a50088-6471-403f-b6ac-45cba283539a,1
f4b94f39-b85d-401f-ace1-936ac526a033,1
f5048bd7-00c0-4134-8c38-30fe58b62cf5,1
f50836f5-035d-4aa1-9626-e0c42f5e4c2a,1
f533dfdc-28e9-4b3f-9425-47ecebdc584c,1
f5f372fe-cdbd-4bd3-b187-39de96a7061d,1
f5fe5182-e4a5-4182-beba-d3e256f76056,1
f6c85829-e71d-4ce1-a36c-9345ff204f34,1
f73f2332-f409-4d49-94f5-35f937bdf777,1
f8c61b4e-8c5a-486b-8e0e-70661d193407,1
faeba880-932a-4cfc-a272-0233545d7346,1
fb756d57-d0be-44ca-a689-1c2d33198d53,1
fc77b772-f466-4a46-bd9e-b0ec374c313e,1
fdc7339d-5042-41e0-aabd-149d20c3734c,1
fdf8aa77-00b6-4d98-8e7c-9a0a0ee751e6,1
fe06ce3d-0788-43ca-bb1c-b68d2571ab96,1
1c3d4231-3e7b-4e1a-8d75-d46fb7515c0d,31
1e987154-5551-4c06-aa63-d46bc31ea47d,31
2303bf2c-c74d-4e1d-a113-6f37c77d3c54,31
31076f6a-7c09-43c8-ad19-12379190e9f5,31
45162c3b-a31f-4392-b8b7-fabfbe814ab1,31
564e56ad-5770-46a6-b627-1b2cc6e29e59,31
891bfef4-1ef4-40a7-9ac1-c7b5e105fdd4,31
8fb51c75-21e6-48ca-8f77-bf21fd4fa8f2,31
927976fb-783e-4db1-bb4e-8c9bb9611323,31
9628e4c7-bce5-4091-9cce-a3d1a40ebb0b,31
a9265173-862a-46a5-ad5c-9560567403c8,31
c40a32ba-8094-49d7-9647-5b85694a08c9,31
cffe47c5-bd87-4499-91fd-f20898bb945b,31
f34c1fbc-ec74-47cf-b39a-0097f826f34d,31
00ff10fc-2fe6-4e40-98a6-77718c99923d,6
013544ef-e40a-4c8b-91bd-f18e441e6368,6
01f99732-add2-4795-8a50-5b4b75eca452,6
02cbcdec-7ec6-4b79-82c9-109614de1bed,6
03308964-8885-4aa3-9087-c384c086de33,6
03bc2115-7d48-4be2-9094-f001e1b5c18a,6
043b733f-d260-44f7-aafc-b9ba87b7a59c,6
071b72df-8467-4dd4-86ae-afc5e500fb08,6
071e1fcd-7911-4ef0-b764-568d7c918d4e,6
076fec67-d770-445b-bccd-f6acadac1489,6
0970ddff-29b4-4537-98e4-c8f6260eefb2,6
0acca530-3903-48ab-b193-bbccb00d632e,6
0b6e0c46-04d5-432a-b699-923e4f15a18c,6
0baa72f4-d0b0-49ab-bf9f-635c882863b0,6
0d9909ac-8074-4468-afcc-5e2ecdc125ca,6
0f4983ea-2038-411c-9342-7e1eb80b200c,6
0f9d90a6-b054-43f2-bb96-8dea12200c65,6
0fb2175d-d013-4fd0-a81a-e149ff38c134,6
0ff6233d-9694-4df8-b1d0-e7e6b050aa0c,6
1120d839-9287-429b-8210-9c9a96a114d7,6
115bc113-190f-419f-986e-251166e2a698,6
118af8a2-e6a2-40d0-8ab2-680b1d7f8b1f,6
133db974-73bb-42c9-93c3-d78dccc5b435,6
14d99158-c9de-4bf5-bb20-499a8855c98f,6
15344160-89b6-43d1-b302-a305f5ae9012,6
15e8f388-f623-44a0-922b-596b4fd18cd1,6
174da12c-dac9-4131-be84-45bc989a3161,6
191da688-249d-4a64-8140-2204bc791d59,6
1a94c800-fe48-4b7d-8dee-d2253cf7bb67,6
1ab72f7b-a0a8-41da-91d9-29d58ebd3048,6
1b598e76-e68b-4dec-beca-27cc3f46f020,6
1b9b0c61-1e5e-41d1-9d29-e18b881d7cae,6
1bc09727-3af7-4f68-8695-dafd560805ab,6
1c6997d0-6738-480c-a308-ca6e40bddfa9,6
1c86fec2-d14c-46cd-8a27-2d1e2314302b,6
1cde5073-f2b6-4f02-8351-5ebed64e6dec,6
1de528e7-1c16-4c66-b74a-c51e4d2aaf9a,6
1ef67058-eb0b-4496-9e07-49575cc13bf3,6
1fc74dc2-7d96-4a2a-a8c0-ae3a61eacf7d,6
2056f3a2-396d-4150-82e7-652f553224eb,6
20962d65-2439-4dec-9f75-b96106a323ed,6
20f711ec-a9a5-4c85-a2ca-19a56665d132,6
2368d345-0835-4364-a1ed-758871ce2b10,6
236de932-1bbc-4465-b52c-794f23bd458c,6
23c66745-10d8-440f-887a-0bd20ec1318f,6
26e67de7-1afe-411a-9ef1-7a4365809252,6
2869291f-c795-4a55-ba49-fe46f69a0dae,6
2b722135-ce33-420f-a369-13f6664d4467,6
2c2d79cc-f2ee-48e9-acad-c70119e661d1,6
2ceb863c-78bf-4db2-a529-44a3c4a30b1c,6
2db8b85f-98c3-46c3-8251-16084f90d886,6
2e72488f-a7af-4ad9-b1fc-409162ee9f4c,6
2ee625f3-bd7e-4936-8c4b-f340ea6563e5,6
2f5cbe40-c1dc-480f-ae00-0baa5bc1dbbb,6
304d4081-90c4-4ba6-b6fd-bc45c22eacdc,6
30b8496e-74f2-4edd-8a17-583d92eb852b,6
3467b571-23bc-4439-96c0-78b204456c1a,6
3477a3f9-d37c-41c4-b760-57ad84413b42,6
3655aed8-9ab6-4163-b488-9621badc45f3,6
367cdb39-1606-4958-999b-54da52b5e900,6
36adbede-f62e-4372-8600-e5c5c68f16d6,6
38f33888-4f29-4dc5-80bc-15650c93b32b,6
397f8b21-3af1-4a08-81eb-e085eb1160ca,6
3b6efdc5-4a19-4d5b-bfe7-cfd36b4fed0f,6
3bfeae61-aa9b-4c02-a969-cdc6f3b12b33,6
3c1a7e8f-0364-4f5b-8fb9-08f0c87acdf7,6
3c5b3429-226b-4635-993e-b91fbd090f2a,6
3cd6bce7-e94a-484e-8015-b16d73c25a35,6
3df2937d-344a-4cbd-ba67-10ed2d9ab305,6
3fa1d0af-45d7-4883-9d95-2478c68a62f0,6
3ff39d0f-f3c6-4f33-8187-50921236e6f5,6
407bec5c-8faa-4dd4-8d68-6a322d524ef2,6
40efe622-0c31-46ee-828d-243358df5548,6
42f61042-3d31-42ff-9f1a-508716069464,6
43b0b5a7-cb7b-46a9-aecb-939b9409bbac,6
46c57d45-9c3c-4b9d-b6f2-0de62c7581fe,6
46c7a1d3-8762-46ef-9632-9cc93cd4a2a6,6
470e0a5a-feba-453a-b4a5-9f1cf55b0f5c,6
48894210-a355-4845-a631-84dc75c2d938,6
493a4bf7-2008-4195-9338-349b7fda8e67,6
49471678-ba52-46b0-b635-2459cefaf153,6
4b671ead-01ef-4be9-af61-d4e1e0b2bd7e,6
4b81531b-9339-4ca5-a852-8ff9f3bbf39e,6
4ba547e8-2e7c-443d-8a40-911342d31f4a,6
4ce5aaeb-460d-4c63-8cf0-fb8224b312eb,6
4dd9875c-3c91-4dce-9306-d9e87da94c9a,6
4e8e3db0-c120-4d98-b9f6-80738a2e6e77,6
4efb940c-8b4f-4a43-8ee7-3d58c06ffb88,6
4f1088d6-9963-442d-997d-2cf9adefe183,6
52915d8c-0888-4d96-b2b5-aa634758bfa2,6
52a4d609-be41-4019-9567-a57005d57c17,6
52b0c780-6066-47ac-aa57-e008259645c8,6
54521514-0e9c-4d1f-9b3d-13e8b3a38e6e,6
54827e12-adbd-4db5-9aff-90578747e381,6
54a72571-a856-4706-8bcc-bd952d4235ef,6
54c47731-fc2f-49c3-ab2a-84f9a4b46dfc,6
55053efa-c284-4799-a69b-c9bd1daf748d,6
55189d20-4dc7-43e6-8097-d5cdd614a34f,6
55f35c5f-24b6-4ac2-b4f7-0a2676ee1997,6
56684c6f-c9f4-418d-995b-35ae42d4b9ce,6
599483e9-2d91-4187-bfad-b2d28428717a,6
5b385467-4446-494c-bde5-b71df484f22e,6
5b8e2285-a82d-4e8d-8924-8fc4b5b2bc27,6
5beec82e-7533-45c1-9d94-39cd29318925,6
5c036c9b-123d-416b-b10b-eeba6623523d,6
5c367518-d6b9-404c-ad59-59662b1d691b,6
5e885c5d-c2b2-4684-8330-c8b710345e77,6
5f76f985-a0b7-4521-988a-326d44386205,6
5fc13fe8-4ba9-40b7-8a84-29d293301586,6
61146d90-af8f-4748-9a91-3fe15846a2f4,6
61967723-ff65-4f95-b9ad-6509ceeb8a21,6
626207e2-6a9d-4aaf-9a52-591045543073,6
6332c9f4-6c49-4043-afe0-b0b501b0acf7,6
63542b6d-5c97-4e4c-9d36-42b069f7e537,6
635e9eda-fe4e-4710-be8b-2bff64f75b62,6
63ff360f-4846-4f72-a647-c1c3136c4b46,6
6630dea3-0a9c-4017-93c1-759370960462,6
681b0070-aabb-4936-98a5-2577cd41d389,6
69468391-d640-4ce3-972e-5d94140e76fc,6
6a490214-6090-4c17-b2db-e427e25ab499,6
6cda4131-af2b-4cb6-8872-be1710e3368f,6
6d1254a2-78ff-4b3f-b034-7c3f7d612c1c,6
6d2702cc-6792-4f1a-a15f-63f6e04ceae2,6
6d3e8528-dd0e-40fd-9f2c-d3a48ae3bbe6,6
7186f03a-9621-4b41-81be-f6498d43d4c6,6
726893d9-460f-42a9-9056-4fbbc557e3a4,6
738dd220-1ba0-4cf9-86bf-eaaa76f9990e,6
747bfa09-8c67-438a-9145-8b8b35e7da9a,6
767031a7-a722-4101-b7d5-11cacda88f2f,6
768594cf-3448-4244-92c4-2a5be8e25ab4,6
76d64683-fe99-4341-beea-8a3958a473eb,6
799ff28c-33c5-44d4-9c7e-d05acb89d380,6
7a4594cd-57c6-43fa-854f-a9f07141774d,6
7abe40ae-fe83-4a6b-8668-f3f3023f8a62,6
7ac5fb3a-018a-4c66-8e3a-6b7a0729b17c,6
7b44ac56-fb95-4c3d-93bc-2918b0b2e436,6
7bb85438-4432-4d24-a567-23ca829ae42a,6
7cc7e5c9-63d7-4f40-8971-697d0f5be65a,6
7d1c56a4-906c-45db-a00b-9d8c11a52389,6
81c118e4-5931-4912-9e2f-8a9736693e09,6
831a7c24-7876-47f5-b0aa-b427e41ace3d,6
856816d1-dd7d-443f-afbf-9be04fe504a0,6
8698b305-c39d-4cad-89d2-fbd5abe962a9,6
883c5310-24de-434b-a6bd-bfe75f48d2de,6
8988e5a6-2b5c-497e-8c0c-4402cc900627,6
89fc688d-51ba-4877-92cc-6428cc4d2c4b,6
8a26ae7e-02b6-40ee-a8a1-0fbf072e3cc6,6
8a270977-9dbd-41e5-9f53-e55253676807,6
8aa1bbb5-2e65-475c-a699-a81c9e51dfd3,6
8b74a536-3978-4daf-87b8-bd47a4412368,6
8baa6b42-e652-4507-a3b9-977f97347082,6
8d4e34bf-e14d-4fb1-8c27-6ee33ca614ac,6
8e081891-7ff9-4ec8-bd18-08d01c151593,6
8f6d7258-5bdb-4886-a2d7-e8adf276bb6a,6
8fe4d5a4-73e0-4d59-9e51-6485c95fdc5f,6
90375b40-b35e-4178-90ad-d9661fb509a0,6
90bae12f-5cec-4b00-922b-95f749ae344b,6
95a1b8a1-4426-4749-9ed1-3ac323e7928c,6
95a290df-4cec-44b7-9493-a270c63587e7,6
95c624bf-164b-4b7f-bde4-86c3ce3ace8e,6
99f2d04e-8c07-4df0-9118-c14009c19436,6
9a357c22-680a-4027-839f-b5cd4081dac9,6
9b42758e-6dbb-4f80-833c-12c2473557c2,6
9c084224-1293-4a9b-b9a0-0b8d5a5cd214,6
9dd9972e-117f-4c93-9516-373d42d10bb0,6
9e23a15f-5b04-413b-bab1-0e6f55910fb7,6
9f0a95d0-fc21-4c03-96c9-1ea10714cda3,6
9fe5842e-5f0c-4ba4-b51c-bcdd14a9ad5f,6
a053e0aa-02a3-46e8-96fc-0d10ffc36b48,6
a078130f-47af-4541-b08e-3258744c39ce,6
a124e7a0-3eea-4b0e-b79f-0a4b1846af2d,6
a1eaa28e-faf2-46da-a9de-984daa0978aa,6
a2277ff5-0a44-4c2b-bac1-f7a7c0f25d60,6
a33f64f8-15fd-4d84-87fc-23776f9c5a0d,6
a3629589-f472-4cfb-9f44-93396841476b,6
a4f5c3ad-af84-4920-a0da-5f4db1203bfc,6
a54d9cf8-cead-4a89-9243-6230da523488,6
a57c33bc-a387-4ee2-bb11-b0facd7516e4,6
a582d73c-5288-44e3-bbe0-156d94d4eb48,6
a5dbf7bd-afb5-4ae6-8305-e16980df36b9,6
a6c83b7f-0dbb-44c3-bcbb-9b79fceff5f8,6
a6dc7058-c038-47df-b5b1-81ffe5d444a8,6
a74b573b-2f08-4c9e-af8c-eb17759f3273,6
a801ea32-0668-43f5-91aa-9abb8aed9088,6
abf03d32-78b6-48b0-bf88-65d0338fb811,6
ad538435-174f-4d6c-b3a9-dbe86ca091be,6
ae7edb77-42e4-4984-a51e-5c7bc12fb1e6,6
b0153ec2-9712-4013-9c31-2051eb911deb,6
b0acbef4-6297-441e-ab4c-f43da606544d,6
b157b9a5-2f7a-4f33-a81b-8edc36d7fb16,6
b1663b2c-cd21-4508-9d37-acd20b1731ee,6
b18db073-fef9-48b9-8bf1-589f3b69a07c,6
b2736fda-bc56-46ab-bc12-1574dab09bfa,6
b299624f-b05c-417f-afc1-dfc329a171df,6
b3b99410-40c0-4574-b6cc-b0769c992971,6
b71c3b42-499c-42ad-9618-ae5e6c868e83,6
b80bbd7a-8d33-4ac1-b8c6-ec046a92564c,6
b845193b-7217-4292-a1fd-d0c46881e100,6
b903b3fc-1ff6-461d-a51c-71567bf941e4,6
b9676984-5f37-4b5a-aea7-9579c8dcb7a0,6
b9701b14-4a82-4b45-8cdd-5ee547f20dd8,6
bccf540e-3089-4815-b4f7-493b58a75259,6
bcee9b58-757f-44dc-80ff-f5b425ab38fc,6
be5ec310-1172-4879-80fe-0762862407a4,6
be8279f6-5f02-42b1-b36b-60525ec36e4f,6
bf74ff95-c302-41ee-8b94-2793bfd55b1a,6
c060b68f-a5ad-4920-84fa-e49b0e28a725,6
c091a91b-c6fd-44cb-8ac7-fe3fdbafccea,6
c2cda891-e9de-4ca8-8513-94bfd5d2a085,6
c54eb2e4-1635-43ba-96a6-61164fa10a0c,6
c5cfdda3-c5c6-43a5-aa96-3f2846a5ae9d,6
c63c66da-bf20-4297-bf57-a6951aa37647,6
c7072262-5925-4971-9570-51a68685acf5,6
c70e7e81-0d52-42a0-bd3f-9995411d5603,6
c757e094-7db0-4130-ab9b-70fd79b4cfa3,6
c7b777ca-e20d-4930-ae72-22df98de3ff3,6
c8717104-b155-4277-8164-00da5af9cb4c,6
c9df67ce-04fe-4bbb-b137-c4e551722daa,6
ca244bf9-2a31-4638-ad37-226a315c54b5,6
cb2686aa-1a50-46f8-8e21-8179fc4d6b6f,6
cb6ecce9-3a07-4679-b40b-37bdf23d45c1,6
ccdef42f-39b9-4bb8-80ec-a261a43c558a,6
cd261977-c21e-42e6-aa1d-3de3eb22e9b1,6
cd3d701a-a103-47bc-9c98-4bef76318196,6
cf42b010-ffda-432c-9e9d-f297d9cf3544,6
cfd5b8e5-0a51-4466-b9c3-947c35e50ac4,6
d39b0dee-8afb-401b-8cc8-96f8407b3345,6
d3b5db41-e850-4017-93e6-fe68bcdac2dc,6
d5095e8c-ce3a-4c10-9797-0e0abe5b5fda,6
d631bbd4-4c95-41b2-b135-def2a1786b65,6
d6331731-dafe-4bb2-8bd4-3b4cf625f742,6
d6d84848-088a-417b-863e-2ef364b14a77,6
d70617ae-0b63-4805-9a12-f5a6101a4d00,6
d79dd92b-0d74-4e05-a65b-332a8a7d30c8,6
d838e7d8-ce4d-4818-8e95-edf7d9828b47,6
d9181414-7029-4907-9371-f114547d76f3,6
d96db7f8-bd7a-4700-8d22-10a1fafb6481,6
db01da99-135d-4a59-9b30-ccc7f2d455d6,6
db11fd4a-163c-4e9f-a6c7-fbc4940530c2,6
dba5ad80-40eb-44b2-a294-952be036ab01,6
dbac9cec-a97a-4515-a4e3-f2e4b50c70a3,6
dbb62ed9-9ac4-42e8-a5a1-ca792503a72b,6
df1460be-5a7d-4cfb-96f2-abd12776cd3f,6
e0dba360-2d39-4efa-b667-fd99b04cbdbc,6
e1c9ba1a-eddb-4e87-b160-b2c4a94308c5,6
e53146b2-aed4-4b3c-a11d-ef9a1f921c0b,6
e5d78ebf-342d-4ecc-8a11-02d8481a75b1,6
e5e5c20c-3002-467e-a41e-2f53824791b8,6
e814cd2a-7f89-4f9d-a705-a051f13f0509,6
e918ec48-d781-49e1-b851-5d9daff7cdf7,6
e92ed38b-b647-4c96-ad55-8eecb9bd2049,6
e95c34fa-2a7f-420b-bcf0-1052ed86fb0e,6
ed751f5e-d8e0-4e8c-b9b1-cfb0f6f6b658,6
ee61cbf3-308f-47ad-92e0-4abba0954e02,6
ee7554ed-b55c-4fca-8862-e7d119e48b1b,6
ee842bc4-99be-47fd-95e6-a4b8b99db5ff,6
eeff327b-2266-423e-961e-32d32f3bbc55,6
ef4f3356-9190-41f3-8a25-84fe44da1981,6
f1eaa14d-63b3-4751-b282-9913ca1c6819,6
f4e1bbe0-8757-4f78-9200-76bc262d7710,6
f503ae2b-9d17-4d8e-9b2b-5cc79e79c63f,6
f595706a-ade1-4e7d-bf51-4a57a323e288,6
f6893a0f-cd96-48c6-8afa-d71a5c0a3372,6
f70353ae-a827-4e84-b654-9ce5cb7df14b,6
f7e5c549-a329-4af6-9986-333242280119,6
f7f2832e-0bc3-432e-9c80-82983d3ddb42,6
f9adcb4a-becc-4fca-aa51-bf40847fc1ab,6
f9dd23e6-490a-4c72-9136-458d91230da6,6
faa1c14d-0c9f-414b-b54b-b83d3435393b,6
fc690992-7185-4197-a943-2728d771b67f,6
fd8df13d-e2dd-46b9-8854-8a692b726f06,6
fdb405fc-36ac-4289-9785-9a87f55bc868,6
fec124db-e3d3-4b99-b447-4364b6f3a48f,6
fec3f252-6c23-43d6-a5dc-03fa50c6e345,6
fec83afc-5a60-480b-a52e-28101c712372,6
ff92c32b-2c4c-49da-96d3-8220cd832637,6
0287dd1f-442f-4fe8-afed-3f8981d9a000,28
0545c196-0dc8-4c63-a553-68619a1de8fc,28
0e835ee0-7305-4890-bdfe-d80754312cd7,28
19d933a6-2810-4c08-b3d6-d68ef3c6eac3,28
1bfe8305-d2c3-44df-b984-58a4d00f05db,28
1cf825ad-c6fc-4881-9df1-20b495f375d8,28
2066eeb3-3d34-408c-aae1-e509d169c48b,28
21eb99ab-64dc-486e-a679-3b029176aca5,28
272cca70-fb5f-44b9-a9d8-7973038ce551,28
2abdbb33-f895-48ed-a27d-59923fe04d9a,28
2b50f22e-2cfb-4bf9-a88e-81c5479a5c53,28
376612c5-f0cc-4c79-8c74-5adc97ead5c2,28
376fc964-29dc-4038-9e1e-b49c50c38eb6,28
3b1f5b8a-df11-41fd-9c6f-b913ea3cca87,28
3c16565e-5bcc-4e59-911e-f3e406503832,28
5279ce31-dab9-4c20-8044-fa1d5554db3f,28
59ba63a3-5378-4f3f-ac26-b756ca570a08,28
6b46b3dd-e73e-44c2-b75b-160fba50ce57,28
6d6ba5a9-ed0c-4afe-a361-deda27ae182e,28
7fb21ac5-9ef1-4a8d-ba9a-ec83c7ee14c9,28
827ad4eb-cf05-4134-b9da-59fb83a062fc,28
836e6bc1-d02a-4c10-8db7-600e68b38682,28
8582eb1c-5f55-4c1c-95dc-5fbb62146570,28
8e6eb38d-d5af-469e-9a15-ba504711be73,28
b23a78e3-bee0-4bc7-899e-53c8b45649e6,28
beb0d494-92a2-4b4b-9089-a299861ff6db,28
c3b13f55-76d3-43d5-86e6-184b53303861,28
c752357c-0b3d-4a85-8bfe-64e8b3381ce7,28
ce7d6ad9-3f63-4b8d-b1b0-32c5902be928,28
d017fdb2-d274-405f-aff5-5b763c792199,28
e8a7d110-740a-4228-8aee-e679d6554e62,28
f9368498-84b9-4797-a8e8-7140c1d10739,28
058fbf94-d6d7-4127-bef2-2a79661eb8df,30
08c8bf36-9c47-4c99-9dd6-df5752fd242f,30
1d3d7852-36d7-4d1d-aa39-2ae226cf92b0,30
2558bc65-9dc6-4d08-9db0-2ae913f26cce,30
2efac081-cbfe-4c58-ad4a-c77d0e3573cc,30
33e49e84-3a1e-4dc9-83d3-c45e40ce1c82,30
39a62333-0a0e-4354-9779-8d5dacd1a554,30
42dcf410-7153-41b7-8bba-bd3eb4c04986,30
5063711a-6a34-4924-8338-6d013a7cab7f,30
50b34d83-afd8-4c1c-be06-8701e3dde909,30
5c5c5e88-5622-4c9a-822e-9fdfc2f287b8,30
644f662f-adb0-4331-b0ad-7a2f5a8f30c7,30
69c3aee7-edb5-4914-9037-486a2e03ae2c,30
6b588731-dd54-4246-8f3f-1c0ebe812482,30
742d977b-49ef-4197-a499-3dc2ecb16b24,30
770134d2-085e-493a-bf5b-40ff1cbeec05,30
799e114e-21cc-403c-9419-49b88c978950,30
8a0d4123-515e-4bc9-8cbf-db177ea30469,30
8c0455a7-673c-4821-9d9b-0f5e55dfe1a5,30
9261b8e0-c5bd-40cd-8450-9b8af17065bf,30
b24f6669-9e0e-43e2-ab0e-afee4bd7478a,30
be7315d1-618c-4f9d-9c23-ef92e540b798,30
c013d2ba-c0aa-4905-a081-1588d9e8eb0c,30
c54a810e-0828-450c-84d0-308ea9cf823a,30
d131df01-e629-4b82-b9ed-4974c9d10d98,30
d48b8d76-c1b4-4efe-b606-8aa7d7f3ffc2,30
de63994a-8180-452d-8fe6-6e8dc9b51c28,30
e22342fa-b8be-4f83-9c0a-5e6061398561,30
ec0b866e-7b76-4873-9bf6-6ad6ddcf7357,30
ee612693-f5b8-4644-a83b-db0766f78034,30
f54b7862-0040-4285-83c3-2259d25c321f,30
f859d86e-ea78-486b-a568-d450f6629e32,30
f91b427b-f785-44ac-90ca-0fd1a63b4196,30
0980e6fe-c581-46ca-ae7d-7515a86d0f3a,24
205368a1-247e-40ee-9961-a93c4be01bed,24
24f8338f-9b29-4a64-8278-4a4af8dddfbf,24
5ce2bae3-7c6e-440f-b738-bf5e873c1504,24
65b24e69-74bc-4b67-b57e-0e8b9452f61c,24
7848135f-c3b3-4e12-9a7d-aba434d664ba,24
97b4be12-516a-4d33-b1b3-f742174a46c8,24
9ec83658-0921-4075-a6bb-5b098379db33,24
b68610b8-c927-4513-bb71-f8fbbe052039,24
b9fec634-6c29-40a7-97c3-a7d588cc9b4d,24
c60e51d7-8757-4e4b-bac7-c487597ff8e5,24
c8fbbf67-cd56-41b2-b17f-4047bc6b7a8f,24
ce786e9a-9ba6-4b20-bf19-07220c7fc009,24
d3bd1183-e7dd-4d72-8682-3009fa939c5f,24
e5dd3a68-2730-46c2-8ef5-cc0e16095dc8,24
f74f401d-76ad-4409-93da-62e7fa5f40bc,24
f8dc85ec-ad65-4c39-8337-b22c57a471a3,24
020ad181-6189-4247-8b1e-719f219092a4,27
029763c5-0744-4aad-ba95-08555bb719f1,27
0605befd-439a-4743-83f7-df1c7c64d146,27
337875a6-6c2b-49a5-841e-05defb20fcfe,27
3c9feb52-aa8b-4a09-b64c-71f9715471cd,27
67349ad0-6f9c-461b-8565-2432f363cc20,27
6c62e67e-8591-4005-87be-951cb5ca9301,27
8053e123-70fc-4118-8b90-a847c5e8f8e9,27
89f8bf4a-8782-4158-80bb-72057a28925e,27
95351bc8-bd62-4f8b-b9c3-b484b6922c1d,27
987e3ee3-78d5-4d98-9c77-2b40c6904893,27
9c15a270-5267-40da-8078-f268414060e3,27
9de6a60f-e75c-4028-b3af-6bacbe87bbf9,27
b8ac9de0-9629-403c-a0a2-f53592e4f753,27
bb950bcb-0760-417d-888b-c4a99222d4a4,27
c2e2afbb-2445-4ba2-8cc5-89160732c7ec,27
ca8602d1-e400-4a2e-ba4a-71479cb2440d,27
d299d804-0d05-48c8-ad62-601d54438e34,27
d8ab9d38-399a-444c-98c8-41afc54d483f,27
debaf7ea-fe78-45ef-b9e7-c4c3a3a67183,27
e792e7d1-67ae-4441-81e3-35733ea11e6e,27
e9e236f7-b30e-402f-b03a-89feb117c441,27
fe3f67b7-5fbd-45dd-8cd5-ffbbe7d7364b,27
09d0b079-d686-4f09-aed7-07d467c1979c,5
17df1db7-0a6a-4661-90d6-949b601ab02b,5
18a483ad-d404-4b15-b54d-313cf0e673fe,5
1f6aade6-a39f-48c8-823d-df3eb4a5df4e,5
204afd4f-cbd7-4c2a-8338-810029f913e9,5
29278503-a9ee-4b8c-8abd-68e2263534a0,5
2b68b4ad-5092-4720-b91b-a525fce6cc1a,5
2dee579d-00b2-44f0-8ac4-ed62895d200c,5
2f92c80d-687a-4853-a086-aca3dc7e1cc0,5
35affc7f-a8d2-494a-8843-669445b0c16c,5
362c4866-f039-4165-9a06-7b711cc30ab1,5
483e594b-014d-4a7d-b1f9-3a839ee76552,5
48cf59da-82bf-4dfe-9800-5cffb6d607e9,5
49d1a12e-3d28-4a07-981a-08e5ba0a97e8,5
4e485f2f-9951-4c1d-bce3-f418c3b1aea7,5
4e8d5cd8-6d71-4ad0-b65c-fcd7f86684e2,5
4eedc734-4d54-437b-9629-04f6e5a9c165,5
51f1a5b9-dd8b-42c8-902e-b91e1cbc89eb,5
560c5cf4-5fd8-4477-a62e-b45d1ede5440,5
5674166b-0279-4445-81c5-84a00ae13a22,5
57dd9bad-2df5-46c5-a857-de9a415fe5e4,5
5a200586-adee-4342-81c8-f4a271df6fbf,5
5afbf8fc-5390-48a6-a6a2-078cd4a52692,5
609e04b2-7592-4dd9-8696-68d8f680b407,5
620a8da3-6989-4e7e-bdc9-bcc5febad556,5
649d772b-07a5-49a8-9b71-fd4db9062e0d,5
6630c670-9b36-438b-9233-2058c9a992e5,5
6b36d785-5958-4469-a438-9b2e09cbf973,5
6e47451d-6857-44fc-b026-8c6e2d0e9052,5
6ef09e0d-5512-483e-8c53-55ac95826e37,5
72e8fe3f-0dd9-44e3-8775-660bacb17310,5
78806fa7-54be-4556-b927-d185f6d34740,5
8252c070-2698-49df-8a8e-d56d974a0ea3,5
85142dd5-1036-4209-a9f7-378d60e4ee38,5
88fd5ee2-1588-401d-add2-b6eb121d05d1,5
97e82d2a-7d35-47d0-a526-778216968a5b,5
9aa1f1a2-ccf4-431d-8db2-260b6ff6c094,5
9c750561-a996-4d79-b097-b34f98f86534,5
9fc78763-a0ce-4add-9fd5-68d61b1297bf,5
X,5
a25835ae-fb1d-438e-b995-790a80cd2ec2,5
a311d6f3-4533-42ff-80a4-01dff99ba636,5
a5ea94fb-a084-4b97-b1a5-d3f24f2371cb,5
a611d2eb-f340-40bc-9e47-c4bc4cc57f38,5
ab1ed7d5-6c36-4c2b-a477-ab964255dfc8,5
b292e001-bb7f-4556-9704-6558c3181ad9,5
b33cf3ff-1d7d-4585-8a49-6392da2b5c7f,5
b51be61b-3a8f-4fe5-b628-d76d490437f3,5
b7762cb3-8721-4fad-a604-0c68483481fc,5
bda3b3eb-a1c5-4a95-b656-3026ac43347a,5
be9a31fe-a409-4ecc-babb-e67e78484750,5
c52a50be-dc5f-4e14-8a35-df775218141e,5
c97f1147-1f59-4a0d-a1e2-12c65b4fcd67,5
cbd5e9f6-9e53-4547-a23f-630a7fdd4a43,5
d279aac1-d90f-4e56-807b-0d9b1e59a030,5
d7df1471-a919-4b88-9c80-ec26406f2ddc,5
daae835c-d5bf-4493-a901-96568d533c13,5
dae1a6ce-9139-4ea3-b6bd-454170606c20,5
dbcfbcf8-d36b-4fd7-9fcf-39fb049d8685,5
dbd5c5bb-741b-4f41-b93d-2aae4c345fa8,5
e2de347b-1807-4437-b65f-902a7b1d9bfd,5
e3ebd4c5-0bcd-4baf-be56-77ed1d1c929f,5
e3f13153-fd15-441c-99a8-bf60b658dd8e,5
e8032f8c-91d6-43e2-ad3f-4426c66508d7,5
f271d7a0-ff6e-45cd-9948-bbaaf9b62e0f,5
f3aa43ff-ba4e-47f4-ba8c-7decdf869162,5
f59f3433-aa4b-4eaf-a47a-1e2d76bc81c1,5
f7435372-4ab1-4c5c-a652-f2411a8577da,5
fc45fd9c-d6dc-4bb0-8064-3314089b033c,5
fc644ed9-1731-4459-9378-204532bc68c9,5
028a19d1-7d57-4f2e-ba7d-32a25a7e2488,4
048a3a72-e6fd-4ae4-935f-55204da479c4,4
06b284e2-e88f-49cd-a6f8-d09faf1fd3f7,4
0d34392d-33d0-4e93-8b18-717d613fd7df,4
120aa9eb-6228-46b1-8856-e48c0579f19b,4
13acc700-18d1-4e4b-9922-0a7855466c70,4
14d7899f-ea40-4957-bee0-0a2b67733607,4
17cf2637-96cb-4459-9ff1-73b50e67c3af,4
1a06ac44-10d0-4b93-9f14-2ad015dae688,4
1da1d071-e80f-43bd-87de-9f623b35a3db,4
24cfd280-6890-4ed0-81ab-27ab866b69a6,4
25a0470d-fddb-4205-b4ba-f4061f705b00,4
2b8a8d4a-027f-4675-9ab1-83fa3df8ad84,4
2c8231a1-38fe-40e4-b221-cc839dc8d112,4
2cc03d6f-a5d7-46dc-b3b1-0ad3e9918371,4
320db25a-6fe0-402c-9be1-5648f860dcc1,4
34c90e90-4a22-4ad8-801f-4848fc9bdac0,4
3f410ab5-8b21-4b58-ad90-38cc0ff0384c,4
3fb29fd5-925f-41ab-83bb-0337048f7f19,4
430805a8-afc9-4c31-8c7d-b926eef27eed,4
435d4881-cd2f-4442-9422-e132b682837c,4
45543bd5-eef6-4604-a9fb-967e1e25540c,4
4801f3b3-7fc4-4abe-b880-6bbed0368424,4
4a472370-1011-4fea-b453-7299b474393c,4
4ccafa9f-3c44-4870-aa6b-bcafc269802b,4
4e86cb31-1384-49cf-8ddf-2b75ce17ba86,4
54b6c5c8-dbb3-49b6-b242-68019e3a3e05,4
5e918355-cb05-4d5c-9b7e-304749df8386,4
5eafc183-1eba-4151-9937-3b09f701e525,4
5f42a6dd-3772-4013-8417-f22dc8a5f3d0,4
602de5bf-5f3c-4967-908e-afcc4dead933,4
6045021b-32c0-40d5-91ce-a64ee2ab335c,4
6e4db04a-3ec3-4bf7-b1b3-901733681f49,4
7157d8cb-581f-4c2e-8221-443d1bed4823,4
72190913-1208-4333-aaf4-ea7d04dccacd,4
7510a23e-955c-45eb-bf3b-076de2fa4c36,4
78a6e990-de9d-4ab7-a9ab-babe777c7a19,4
7f445426-5303-4833-905f-2e8e4cbe2ca5,4
811c4f19-205f-4bcc-8c98-0097ba530df7,4
89e8521e-a9ba-4d5c-9c47-602dc0ec5218,4
8a2f6229-32cf-4abd-bba9-16033df037cb,4
8b2ec195-76d9-42be-aaf7-9065edad212a,4
91a2ab7b-0fef-4cb9-a6ec-d2f3fd2973d5,4
94628618-eeef-4d6f-a82a-51606c3ead4c,4
a16f3311-61c0-4ed6-8eab-96d08e936713,4
a2dee80c-b2b1-4c27-989f-88bb0e15562b,4
a646e83a-e819-42da-bb8d-3cb837d18d9e,4
a6ee2716-22b6-4eca-988b-d4f74c1b63c2,4
ab1206a7-8878-4901-b612-6ff97bf18cb3,4
b182f209-6433-47b3-bb0b-e5934b5005a7,4
b80929af-f01d-4323-9c9b-c29f7e196fea,4
bdeaaa4b-8f6a-4ed2-a134-a92489473ba8,4
c2b69b36-a031-4c7c-9e0e-6be7038e2ff9,4
c3e67977-7c1f-461e-81c1-40172dde32be,4
c9c36ab6-c878-4ca9-9c50-34933da51b5b,4
d3bdbc18-1431-479e-a1ca-4bf624d60d8f,4
d3efc868-7ab5-4565-84d9-76b00439c0cb,4
d5b97a05-2c07-4079-b3ec-bf3fd9cb8c4a,4
d9bdf116-041d-40f0-bce0-f7252307fc9f,4
ddcfef7f-f431-4d2e-93bc-ef119c7fedd9,4
e0cb6c77-0535-4c5b-beb8-66c6ff9fb4b3,4
ecaa169e-b804-4540-a165-157e642ded11,4
ed6520ad-bc81-462e-8cf0-10055ee915cc,4
ef470f69-cff9-49ac-b7f0-852ec5aac963,4
f47b9b43-5b91-4fb6-8739-0dcc2bebbc4d,4
f53cae36-0e0a-4813-b253-4b251320e2d1,4
f6f1fcb6-f21d-4bba-87bf-fd493181f415,4
f78405bf-dc3c-4a6a-b9e4-a1b6cbe5401f,4
f7ddbf29-ea86-4a10-935a-763fa2de7622,4
08b47ee2-6405-417d-8919-39fadc2a0e86,23
09a0aea6-c4ae-4ca7-ab04-76a1dd5a9c0d,23
0c9326a9-28a7-4666-b8ab-94884b2e5970,23
0ee83583-5b11-4dca-b5a3-9305f800590f,23
2c39ce81-20a6-4636-b3fb-ae29aca3fc81,23
38401d1a-3305-44a2-8ede-d24b01029f28,23
3942b8c4-9d37-4d6a-b788-558ec9a0f92a,23
3de21422-95a4-4e16-b36f-7982b57f0b8b,23
3fdd85f2-44ac-4b6a-84d0-0a07de6b5e73,23
42ade3a2-d8a3-49be-a3de-03ecf5463e1c,23
5562b861-7da8-44f2-bf72-41fbe1ed45bd,23
60dc27fa-6ba6-43d1-9043-d5f1a37c1336,23
657bea98-e7ec-4f56-bac4-fab951bcb820,23
6c9e8e52-de93-46a2-bbeb-8d874494dd41,23
6fc3ba51-d1b2-4400-8da8-55c60e123bdf,23
769cb4f2-ee8f-4166-8754-3e34a4187389,23
7c7ee4ee-cd53-471e-a617-b9cbaf0d0746,23
848baf69-46ca-40c9-9856-88a81c4f87d0,23
8542bd46-ce7e-48d3-ba89-7e8dc1aaac73,23
86ad59c7-606b-41f5-be12-6c4d7332f2ad,23
9db278ab-0c8e-4cf0-be53-623ca0b9829f,23
a419e4ce-a61f-423c-a186-cd673e82e122,23
aa4472ce-4fc8-48b6-b700-d7142498398f,23
ada28970-f2d2-4670-ad13-d77af259e143,23
b5108467-6a07-4549-97d6-17dc6355a90f,23
b572cce9-61ca-4438-92ea-e12493a87345,23
c1226180-53cc-47de-b720-fe36efe7f7e5,23
c57fb045-b68e-4fe8-ae39-9520fec19cc1,23
c603b3a8-a9ae-4e63-b2bb-39cc6dca8c7d,23
d278b45a-b3c0-4df8-b58c-909027a437e7,23
dd98b227-7e0b-4c65-8f71-d03263ad0447,23
e09875e7-e2be-4107-b5ec-e9dcdd360ca1,23
e304e539-6607-456f-97e8-374e5ba490a9,23
e9c2b99f-0063-41cf-a2b9-84ad9399dfee,23
f070b47a-ac27-4719-891f-537b3026cc47,23
f0ff9cbf-f2ac-4c93-900d-b4c170c4edb2,23
f8a6b2c5-e9f4-4564-97f4-caee992a4816,23
f9dfdcd5-a083-4e66-b274-3718bbd81980,23
ff3c5f02-1607-41b4-8a10-92cd586d61e8,23
00947fea-2e47-44f7-8a2b-ed9fc7195a0a,19
122695b3-0606-413b-ab35-0e88ce91a2fb,19
16e8915a-1e32-4593-88bd-dfbcf368b7f0,19
1ef67212-ce05-422b-857b-4155af300e45,19
2211a5ef-fbe2-4ff9-b6d7-3eebd8e16c97,19
2b72b8af-331f-45b8-ac03-a20c79f01ae7,19
68898286-523b-4c08-af9a-94d8fc684973,19
70dfb57e-2523-4210-a671-2b7239a603f2,19
7cbedb99-a6d4-45a1-880d-0e661d4b9f75,19
83e65df7-7195-4c32-b1a8-f3beb23fef7f,19
8b27a324-df01-40ad-a8a2-28c434290d7b,19
c532f7bb-94db-4607-a777-ef8d1d608470,19
c913c7f3-4169-420b-b102-34706e44259f,19
cef5fff2-3c6a-4094-ac06-22e0097e6caf,19
d3bc5cbe-b2b6-4527-8ec9-3c0a4c491c0a,19
f8df5741-28dd-4f0a-a952-536d8ac944bb,19
004e441f-6f3f-425b-b450-eac1593495a0,26
2c5a36ae-568e-42d8-80bf-3396f25176e6,26
365e1414-58f6-4ca1-b16e-2c840a475009,26
4f16a51c-9532-4162-a769-01243ab8c4f8,26
572815f8-1c7d-47ea-be6c-fa1f3fe8a598,26
5f835210-e66b-43c8-ab98-6ff47c666d9d,26
652e2a9b-39ac-48e4-981b-b9ea0c53dc83,26
6d719ed1-f4b1-4399-bbbc-95e8b1807497,26
a40c09c5-3412-41e1-a12c-d3e6c691c0a1,26
a61fe95f-653b-4cca-a310-2c3839bd7e9a,26
c5e01665-44ef-47fa-8caf-b44f74bae02a,26
d37c3760-7989-4a02-bc4b-7737eecc1e8f,26
d4879db2-2689-4a96-b414-878c35f9af8a,26
dcc096ec-8b83-4a14-8637-bfafd9d2588f,26
e9f58727-cdaa-4e5d-89a9-35fee84954f3,26
efde977b-8c73-4645-a445-a9a315d0c5c4,26
ffdea611-4d72-4705-8ad0-db77ed649a71,26
01106e64-11a5-412c-8720-face21625daa,7
093b6a82-9080-446b-90d0-7e9d0a778472,7
0a3f2f18-2ef0-4e02-8571-a6a2a14d43a5,7
11ce4fba-2cd3-478f-bf18-88ea372b6c38,7
11e97f8f-a508-4219-9755-488cc6a368da,7
1625620f-278a-430a-8d0c-eb12ee22ff06,7
16aeeb83-95fc-4698-a7cd-eea6dede1598,7
19d933a6-2810-4c08-b3d6-d68ef3c6eac3,7
1a39337a-894e-4f05-878d-5454b4864948,7
1a489c51-ad5d-462f-a847-cb6b5d045d3c,7
1a8ab265-207c-40cd-9eef-b3fa3cd64fda,7
1e8f0752-b1fa-4f0f-9e73-2d2e333bea7d,7
23c462ef-041e-474c-9cce-c2ce9c016601,7
2a291387-f6aa-4457-ab3b-2bba17aa65e6,7
2a8551ff-346c-485d-807a-879af12a8ce0,7
2cdebaac-8778-4270-93cf-71fd8cc59b1b,7
32784408-b719-4354-baef-395aee3aa4a3,7
36b0ed2c-7557-4a5e-9677-513efaf80812,7
384e9dbb-f464-4354-8aed-74ad84cc40a6,7
38f8d838-ea08-4fd5-9186-1407c389494c,7
4023bb7a-67d2-4905-adef-7c891d7ecbb4,7
407b4400-7604-477b-9c3b-d30d75dfb282,7
42e7ba5c-cbf1-449c-a4d3-028dd86cd595,7
43504fa4-dece-4499-9484-1a100994be93,7
46c6ab24-3402-4996-af87-9c7e4956ae38,7
4fc5c46e-11b8-470c-a971-348c7721aa6f,7
50e6c9b7-00ef-4499-bfb6-1b76d8717c7d,7
58d22ef8-137c-496d-b324-8204518796e3,7
5c9f7849-a74b-4db7-8989-6a6629884b5e,7
641cc0d3-8f5c-4fe1-99b5-864e049e65b2,7
65af3f64-069e-487b-b7ff-0acc36f4b40a,7
6ca19a12-7b20-4259-b2ec-ace482558797,7
75f0db36-ad23-40d5-877b-cff9badb37d7,7
823ec5d0-ebff-47e3-9586-79f325b39efe,7
8263dc32-e03e-458b-a40c-798f286fe4f2,7
8598af74-143a-4287-9acc-bf52d7a084ca,7
88b45ae3-f261-44cd-ad40-b19aad089e29,7
8a397dbf-b685-4020-bdbe-cb8c381d7db7,7
8a72c9a8-384e-41da-b01c-e9bf5e015f15,7
8c63be8f-404b-400c-9e5c-26b7e69a03f8,7
8e61406c-b31f-47b4-b48e-a0b417d01f99,7
9097a093-d124-4cbd-b5bc-b27ef6d34f3d,7
91634762-8ee7-4577-8e3b-fd343de99503,7
98a31792-e741-48b8-a900-58dd660ac865,7
9b8fd4f2-8ca1-4b21-8d0d-497667f58122,7
a158c244-03e9-49ae-96d8-59951b591f7e,7
a32f2c6c-b44f-4741-aab9-f662c69a1ee6,7
a54c6096-ecd9-4047-b7d6-82116c6d9f96,7
ad9cf935-224f-404a-8223-ebd2a29ac9d3,7
b23d21b8-c96b-4b5f-bdcb-46759ff9adac,7
b8f76a7f-72c9-4077-b7e5-83380361a1c3,7
b92cf73a-c48f-4a46-80da-5e4f81bf3514,7
c091a91b-c6fd-44cb-8ac7-fe3fdbafccea,7
c10a5f7a-3d21-4d1a-a535-79cadea5aab0,7
c45e4671-9898-4c7b-ac2f-83e34260d3cf,7
c53778ff-a016-4876-b907-80c0c4b75dd4,7
c6dde30f-f54d-400c-ad5c-d87728d81731,7
c8245e7d-9d85-44c4-a9bb-acd446254b41,7
c8723ff6-302e-4963-a50a-d3ce448f9698,7
c8f36cc6-dafd-4f4e-bbef-6454dcad0cb9,7
cbf6ebd6-d59e-4a47-b8ec-adbb5a858644,7
cd0d37e8-3a46-4260-9dce-c3b88fa48ea2,7
cd174bb6-eeb2-48b1-a7c3-db504f441638,7
cddbcfdd-1da7-462b-9f32-ecc8938724af,7
cf236f7a-0dfb-47b6-b2aa-3198fb1888b3,7
d0546c02-24a0-4967-aa47-1f1f0cbebbab,7
d4233ece-254e-406d-9761-73b43d643960,7
d745371e-33be-4121-8a8d-b6e10555b0bc,7
d968b21f-4e92-4390-922a-06d3816fe340,7
d9a09694-46e5-4c45-94d6-3ad84b539a22,7
da31a583-8d84-4ba4-ba15-1704022c69e9,7
de72bc3b-03e2-48eb-b00d-9934d26a7f09,7
e13b1b91-5d4d-4ec4-a94c-acf7103c0640,7
e5db86b1-8799-4b40-b80d-caa66cf91222,7
e96a5a34-c917-4f62-b6d2-c18d6b52833d,7
e9aeac39-91ef-4a38-8953-ecea01722d14,7
eab4d50f-2a17-4f07-b462-53be0e54f6c6,7
eabb7531-7915-406e-ae58-64b8bf975425,7
ee4dfcf3-9784-4166-8719-960a69d86cc2,7
f5fa34df-6681-4dd6-b121-f668e801c966,7
f9115d6e-c381-4e5d-9a9f-e60f4fa9bd94,7
03f5348f-2abf-482d-b5dd-1f7a78cc9c22,11
14a3d972-0c33-4afe-9db7-5dd17a0e53a2,11
14b773bd-91e5-45c9-ac60-5817a9ff5934,11
172fe923-347e-4d0e-ba82-1e9969aaadde,11
1be69471-163d-4b93-bddc-91f989b161f9,11
1e4e1a65-5eb4-4a98-aecb-9d6374aa1b16,11
219e6ee3-037e-47a2-b4df-5290ea18578f,11
2ebf9a97-3aef-4f6e-8a5e-fa73d1d5dde0,11
3b957847-200c-4ee1-be4c-070f74251d1e,11
3c8ffd36-0cec-42fd-be11-aae5b9fad570,11
4720f736-3034-4b68-8b01-48aff9d6cdd4,11
490a6f85-50a1-45de-9681-6a55dbbc8d6a,11
5503c516-42d9-4e8c-921e-e1c0350daf71,11
597f89aa-b85d-44fc-addb-d48eedb0dfc6,11
5999041d-f757-4b37-b170-0a445713a1e4,11
5bd1d4db-f38d-406a-b8f3-ac9ad2f6b6cf,11
5c62f94d-71e9-4862-96f6-da88aba27a02,11
5d2e9ef5-1287-40b4-bc6f-896af875e912,11
5dccda67-fcd1-4ade-b7ad-3bdeb8a10e19,11
659dd40b-f976-45dc-9768-2ab15b215f44,11
72190913-1208-4333-aaf4-ea7d04dccacd,11
7c9146f9-b68d-4065-b4c9-5788ad7d7cf4,11
7c940f04-188b-4193-a4f5-0aaaa66503b8,11
8c212fdf-895b-4d3d-a2fe-a46791dd81c3,11
8e3e7042-561f-4a91-aa4e-1ef149527d5f,11
902a5e8f-d92d-4ff2-97b3-50e3b769ffcd,11
9221dccf-44f3-446d-b3ce-19f9123ea627,11
92446139-5800-4f4f-ba5e-fbf6cf682af3,11
9de88a57-3f14-4539-92c3-efb5ac360cac,11
9f2e2a49-f438-47af-b227-86c360b77b28,11
a15499c2-80b2-4213-9581-46d97febf1d9,11
a57e148e-33d3-4046-80b8-4cee9668ba24,11
a737d28e-bc23-4b8f-8839-3df8ba795849,11
ab2a97fd-ad04-44ea-9fee-00542e68cc21,11
abf5cf1e-e81a-4b5f-9d5b-649fa10d8f81,11
b82ef97f-65d0-49c8-be9f-0344b3eb58cb,11
ba614e24-5208-4681-ba76-67e7a519e161,11
bb328adf-259e-4a8f-87f8-c82dc86b8dfa,11
bbc0593c-55e3-4135-b71c-2619b5b36751,11
c5b9a9e5-2c46-4633-8bd4-72da6a463c46,11
c8ab862d-0c38-452e-a9e0-c40f0586374d,11
d39574e7-cb1e-40cc-9abb-dcf928d5898e,11
d418b019-3408-457d-84f7-2e51c1ae5203,11
d63891a6-3629-4537-9eff-d528cadde882,11
e10c5c97-c3ec-4f84-88b7-38a65bbd1214,11
e2a43d0f-bf2d-4af8-b00f-b56076aeb972,11
e9810707-ad8d-4235-9ca1-eeaec75dbdbc,11
ed3b2db4-d0fb-4425-bf32-38b64aa38d0d,11
ee67a68e-4d38-4b43-8991-d063c0d8adff,11
f91fcd3a-8b65-4857-a424-09b0f0f7b383,11
f9ea1fc7-ee7d-473a-bca3-9321dc63a05e,11
fa229600-bfc5-422f-a45a-0659134bb7be,11
fa8bd2d1-17cd-4b67-8cd5-ab2d0dc98e90,11
fd4cfa57-948c-4d2f-9fb1-38897ec0fd63,11
fd955908-4a74-4583-add5-347e35db5b65,11
fe88dfe6-795d-4075-a1c1-14fa4960d3fd,11
ff5c7421-6a51-4219-bc8c-9ed932e1ad56,11
172fe923-347e-4d0e-ba82-1e9969aaadde,3
19fb6887-3ecb-49f4-9164-22cba4d91b14,3
27e0a050-4b99-4499-9107-d719046e6962,3
33444b84-eb01-4baa-b7e1-2938a6ef78ff,3
3a51d57e-5b47-4cd9-a653-c705977b3883,3
404e8e2e-b4bb-4859-b241-0e1872b661e0,3
4d5dcbff-cd3c-4110-933e-29c5a494231b,3
67de6613-7dc1-4af5-a515-2bc2e3719a24,3
902c6c8a-7664-4dd5-92f2-185e746e6d93,3
a003929f-aca7-4fb7-a6f5-6c2f55692425,3
abf5cf1e-e81a-4b5f-9d5b-649fa10d8f81,3
babb43f6-edce-46a4-a8d6-7965461890c5,3
bd7c1bed-50c5-4896-a58c-ec64b5997ac3,3
cddc374f-516e-4cc1-aaa3-a755c41ec007,3
e341e627-7f21-415d-be9a-f5f88fb76bda,3
097847c1-fa73-4320-beb4-52c933e01833,20
0cfa7620-837a-4734-9935-d02271ad9dc6,20
1348831b-5bdc-41fa-b468-4a07f459083e,20
15309758-f7a0-4f07-93a8-a4b4f359abde,20
1c444df3-a9cb-4ea9-98ba-d6c75cba9296,20
1f3310eb-360a-47e4-b9fd-b617647ef453,20
22a48116-35df-4561-badb-fc1fdb2fc8e9,20
42c01319-2335-4d6b-ac06-6e08a900adf8,20
42f61042-3d31-42ff-9f1a-508716069464,20
494bbf12-c7d8-4419-b75f-bcc3a34b80ad,20
52d6d2ba-3c0e-48de-a25c-d0fdd08c3858,20
5335cac1-4478-4dd6-a784-275e564584f4,20
5bcc847a-a067-43a1-83d0-b7aef427c99c,20
71ca7454-10df-435e-961d-70eb26c2952a,20
78f270b4-f0a3-4547-be3d-896ddbd36fc3,20
824d047e-9307-449f-af99-c3ec5f7e40c3,20
8367cb1b-ad25-4c47-ba0d-62fdee2510b8,20
a6399683-d564-46b7-ae55-7214ffe8b668,20
b07f26bf-9d33-4faa-ace4-b24caad5be84,20
b19add7c-b760-4f92-b38c-71e289fd4bf7,20
b54e2688-d467-4ffe-b75b-1c41379132eb,20
bfba0456-8b8e-40f5-b0c8-e38942177a25,20
c56e43ec-59ff-4958-b158-e843bfbe4922,20
cc91ef22-d82e-467f-aa95-61458458d0fa,20
fb5b74bf-2c8c-4e23-9579-24c46346f910,20
019b47d0-9d8b-4ef4-9079-43f36335888b,29
0906081a-39fd-4e42-9e75-09ea6d846a7b,29
0ad0daa8-9da8-4a6e-9992-c61c93182334,29
0c9f6b44-cd5d-4342-9654-5c613679cde1,29
0f324962-aa2f-4bad-b6cc-3b04fa2f2c9b,29
10de6bc0-60ed-4375-9cea-410977aab437,29
1f6e46f0-ea51-4cca-8c98-517292c8f301,29
27f39472-eeec-468f-9039-f1995f2092ff,29
2efb082e-442d-48e9-88e9-430d6374b2d4,29
369c0616-fc92-40b7-81dd-0a21c47a0b99,29
3c665c76-3afb-4c54-b5a9-b7719b7116b0,29
4a8ce53b-a478-47b2-9490-4cb9e5e99589,29
52df2822-11cc-4b6a-9940-2514027ac326,29
67323745-4759-4dc2-b863-7c74cd0e6045,29
698ee59e-5ae7-4a7b-a4b1-e56d5d402408,29
6d125ef1-c556-41f3-ab86-911271613e08,29
70feb24d-1167-42b3-8d8d-2c01dd88193a,29
7297f30e-d323-48b1-8c12-4e2b094623a6,29
77688435-5de6-4c49-a01f-76075d4d25ca,29
7e3a0c88-a40c-4ab3-b8d3-ab211377e3b6,29
87d3cf84-d10b-4ca6-972c-1a572d8ac95c,29
88d33f7f-31c8-4d13-af7c-32634d107b13,29
8dcb57be-8f20-4ff0-bffa-882b2f6796e1,29
9489a64f-6996-4e93-a601-6ac30e139c3f,29
951b670f-95c5-4d35-ab07-1d2f7f68d613,29
a5d39711-d8be-4729-b81f-df568da3e65a,29
a725ed36-fd65-4ce7-b465-be3a1d6667e3,29
a7982d3d-8137-45a2-86d1-dd337af0b15d,29
aa288cb5-4797-4257-99bc-4716e983d8d2,29
ab12ce83-3a62-4859-ac20-8db644e2ad84,29
b336e4d7-153f-46bf-aae3-f9a8491413a4,29
b63bf3ed-bb26-4d45-94ab-0924b74b4eac,29
b7949a70-cf23-4140-b59b-b4cb67c2539d,29
bb60ec19-7139-4c82-a68d-6fb380e305e5,29
bca5caad-03c6-413e-a375-6b1e1b95d28f,29
bcfab1c5-489a-4a99-8307-bb2ed9b2882b,29
c0ecd87a-932e-470a-ba08-3cd8729ff5fc,29
c28f97d1-c726-426e-94ba-34be6f980aec,29
c2c1d99f-20ae-4ee9-905d-fac21701a44c,29
c7b13ee5-8449-4380-8d6d-55b06b4b20dc,29
ca3d0a7d-6ad3-4cde-ab29-1f3fe50198e8,29
cd625d0d-ce5b-4761-8e93-5598c8f0badd,29
d0734842-1640-4b43-96ac-794490884d30,29
d769685e-9046-4ffe-a51d-829ec7f1d877,29
e7b42e5d-d4c1-44af-bd0b-22ce0f134066,29
f05ab5d3-f984-4ebf-9417-2c27d7a2aa27,29
f6649329-bd3e-4617-b3f1-62b04f83d291,29
fcc9c46b-9b45-46ae-8eba-53ed019202c0,29
238b0c7f-018b-4602-9340-ed4bfcd221c5,21
244d716b-d264-45ad-8df8-f8c06bb184b1,21
2b9736e5-9a38-437d-80cd-5f04aae34abd,21
2dc8675f-fc7a-47f0-bd66-853454301a30,21
367ee9d0-9546-42bd-9876-df13a414c345,21
462989e1-61d5-4b6a-a31c-81b5c3596818,21
56de59e1-de2f-4f10-a2ba-670e1deb122a,21
5a3cac75-23a3-4a88-ab37-369faaf62a61,21
667c17dc-9cc1-4c1b-934a-e3e22cfb6f0b,21
6da40f79-e03c-44ec-8d6d-f4b77fef2bc0,21
8edbf478-da99-4a44-a69f-a1e6c64f665c,21
9039678a-a5df-4be8-876c-04bb7ab51bbd,21
a0aa4b35-40bc-4985-9896-2d1313401ae7,21
af48e94b-e0cf-4aa2-a806-bfaf696f499f,21
b1deeca0-7f66-4377-bf98-9e2eb8ec59a0,21
b74ebf51-4a26-4e28-b57b-1f54cecb5648,21
c3e2b88d-75fc-4492-b82c-83309624ae75,21
c80409eb-fe4d-4fc6-a816-0099e4f7a545,21
ca0c8c97-87c2-48d5-a07b-af089bfc23d9,21
cad5513a-ebcb-4952-85a0-8fe0dde16908,21
cb30cd37-da2f-4cf7-9d79-963eb2783934,21
d3627295-cccb-445d-af46-9f110df4afaf,21
f7cd8ab9-f82c-41f6-8336-983d395e23af,21
f8890e45-f3b5-4231-bb34-02dbfa4a96b9,21
039643aa-6001-48ca-8a8a-c20686f6744f,25
044420bf-f4c5-40b3-97f9-2ec79cc6eaf8,25
0aff0068-5f89-42ea-976c-9b85b2b1afb4,25
108b8b88-21ab-44c6-b9ef-3560ea793050,25
1794227c-d4a1-4726-8f66-c6d59f5978c3,25
19f61c24-ca93-4f06-b78c-2165ea4310e4,25
1c1592b0-30be-4f79-a9cc-50bed1681a64,25
1df3d116-fcb4-41be-aecb-8543a7536027,25
212cad23-53f2-40cb-8745-4a09093a9cb8,25
271e5c41-8996-479d-b44d-f280cb79b68d,25
2809caa1-2692-408c-9f93-f48026973060,25
35e484e3-bbcd-4130-83f1-5ca6f4ad0aa4,25
4415eb5a-9ce9-44f0-9ccc-45485c255bcb,25
4eb9d8e7-8db7-47d5-a7a2-119d0a9fd630,25
4f903be5-1e49-4522-8013-a51a909c7d39,25
5106bfc0-e1df-488d-94ef-237ca049e30d,25
5584f6c1-1387-49cd-8355-4c07b25574fa,25
5d89c17c-5acf-494a-af9a-16d19ef0e582,25
5fdce14d-cc77-48dc-92c7-c4fcbe8f1684,25
61609771-d5b0-46d4-96a2-d4c5868e0800,25
62021d09-7542-40da-acb8-61de27bd151a,25
66b15b43-2d57-4c65-9635-f803aa7ccc9d,25
69e519bc-0931-449f-be25-4189c03c2d28,25
7d9ef3ad-9066-4168-a207-2eb246309d58,25
858ad4f4-1517-453b-b337-806d75d21541,25
8752dfd1-c277-4b30-a192-64aa2a0bad23,25
88d7ce64-6bf7-417b-97d6-d4f31ca666b6,25
8aef9d7a-3bc3-4ddd-8377-fb8f95315ebf,25
96fd4bcc-58be-4163-9cf1-d2e58490a457,25
9f38c270-0005-491e-bec9-f9426d0c274b,25
a50295d7-5c2b-41b7-8327-d4a9aea5918f,25
a87ead42-0f1b-4f29-8bcf-752c53994a86,25
acaeb77a-721e-4d57-9cd8-37e46263cc80,25
b0403695-b371-4909-bccf-2f250bb61d8d,25
b39423bd-6990-49c0-90da-b9cdb6f63654,25
b3c9a728-7cd4-400c-be5d-8c4203c61470,25
b46c4e99-ca11-47b2-8b27-436658568654,25
bcfc34ae-aaaa-4b3f-85e7-f90ba2062371,25
c6938d01-76ca-40de-8ac0-a96d80e8edbe,25
c6950250-34b1-457d-9152-29eadd2dedad,25
ce5acb48-8461-4e06-8cf1-e4eeba8f2756,25
d067a6f6-81f3-4eb7-af82-a0c498971960,25
d0e98c8e-621f-4236-8753-5e48d9103fd4,25
d3ae7050-dabb-45f0-bbee-a9396e2304e5,25
d769685e-9046-4ffe-a51d-829ec7f1d877,25
d9c6e43d-f570-41a9-aaf2-e9f3da2f93f6,25
daa59d06-c29e-4f3d-948d-dfcdcda2e9fe,25
dd0e9ef4-8e52-4bce-89f9-db7e32151900,25
defe68ec-4e5d-4434-b1af-db0d339d2b16,25
e392a3d4-c8fd-491f-9e45-b993bdeaa778,25
e5b065af-2bfd-4b75-b20e-29173fc5a8e8,25
ec1bfb68-1745-4d5d-b118-e4954ace6b12,25
ee0d793e-b3fd-4d0e-be4a-cf6e92031b41,25
f87450fc-dc8f-4835-8711-9e48833ae6f7,25
09af4ac6-47ff-45f8-bbce-9f3f4c1c4f48,12
0c9c386d-9394-4b30-9fda-18c059abc7f4,12
0ea6edc1-d8a3-4927-817b-0ccfd9224f5f,12
11d2f2e4-9d31-4a30-a503-ea3ead4c32de,12
141e91f8-6644-49a1-9f39-c437724f0fe3,12
15eb1f9a-c037-4362-88e4-707df75ac440,12
1791bcb9-e6f7-4f31-a8a4-cbc62244e2aa,12
1ed8d2ee-472c-43d8-9eb0-8d4c4db648f0,12
1fb5aa4e-cfc1-4003-8e5c-c53d452f19fa,12
3d4f0b4f-e2a2-411f-9ea9-f2ede8f389f4,12
40c7287f-84a7-4a2a-b851-10ac73d33142,12
48e789cf-0b57-4668-9ca3-ea393c10f9a2,12
4b348234-3977-42ed-acfa-c9d53fcbe1ba,12
4d001f18-1a10-4d27-ab8a-f339ba56b383,12
53b5e9df-a88b-4859-ad7d-c1730b5628d0,12
5ace886e-85ec-40d4-8bb9-d189f674f525,12
6da171bd-d2a2-49cf-8884-b6bbcd9b4fe3,12
6dd00878-1512-4d6a-aed8-8d3787c84521,12
6f7b8896-98ef-4946-800c-2eecf589f704,12
72c305a3-09fa-4574-b5b3-103fb2ead74d,12
7461261f-f6cb-41fb-89b4-8f1e0739d33f,12
76a5ddeb-164b-494d-a001-2e0a432b9373,12
7f4fd1a5-3db7-496d-9e59-55a74da72341,12
88f24dcb-a433-4772-bca4-7a2f9fd49a93,12
8d283d41-b645-44c5-92e4-af6eb2419529,12
8d74f0af-8c00-47f9-b174-0f451c57b50d,12
91e54ef7-1c11-4a04-a8ec-e33c0a2f1674,12
99c3a41a-5999-4bc7-945d-32da96a178fd,12
a3f105ea-bfa4-45ba-931e-992154270226,12
a49bdb17-a391-48f6-b01c-848e6a7f3055,12
a9fb8301-9346-41a1-bc04-8da485c03dd4,12
ab82b81a-2180-4532-af84-8d25f3f4ab90,12
bc09556f-61b3-45e5-95a5-681f6a47cfbc,12
bdd519c9-12cb-45e8-94d7-6af49ca946c1,12
c1a21f24-9999-43ff-a619-f3cbe002a8c7,12
c1b27eb3-a20b-452a-90db-c244b37db6cf,12
c440479e-8cf2-402e-8da9-9c682ea3df39,12
d2fa2c2b-bea7-4fda-9e31-d0399e4e4f9e,12
d57bb471-2a53-4dcc-9bcf-4038806e26aa,12
da876365-b146-4833-a33a-a4938bc463b7,12
de7bc9af-95cc-408b-83bc-6d1b1fad29bb,12
ece0e509-e3c3-4e10-af13-94c184da1b51,12
ee7dde51-d708-4989-b9be-3234f0ec6ad0,12
f233e872-99f8-45fd-85b6-9699a17eac04,12
fc3ead2c-f0bb-4f30-9135-4c683a5ba3c0,12
ffb657b0-c97b-46df-aa05-d3638a0d78a0,12
0c076d11-a017-4ca7-94c9-68867a9ca19f,17
0d75ed63-6054-4eb8-b3dc-d0af99a8b76f,17
17aa6e97-d51d-4887-ae84-d4a10f9b37d7,17
22474029-8907-4cb6-98e9-c26af022e659,17
224aab48-24cf-4081-80c7-d510da3aff15,17
26db6f4c-d81c-4ee1-92a8-308ea6051fde,17
29ddf7d2-2c92-40bc-b45e-ca3b79912283,17
2c780af8-8de0-49d6-baba-00cab2a32c6a,17
31f452c6-555d-4785-ae90-6cd4fbe4387a,17
3e43a957-19bc-4a1a-91be-6cbb0bc56ffb,17
439310b9-6231-4eea-85df-354eeb21253f,17
47a88ab5-8f15-499e-8541-c0727dc7d962,17
4b83469c-685a-4918-b243-2648a09806cb,17
57b7d6b1-5c0a-41ad-9538-ec08c3bccc98,17
7a045244-4a96-437d-95c8-4e0d96077988,17
7abc110c-1411-4a8c-b998-9f5e1948303a,17
7ea6b6b2-756c-43f2-aaf4-c1f6a989235f,17
a357c831-d5a4-4b05-873b-8fe14514da7e,17
c63dfab7-6035-4234-934b-01c257bcb7f7,17
da063749-7635-4f56-92e1-7adb51c38ea1,17
dc5a8180-12e2-486e-b7b1-179339edf2d4,17
df350be1-080c-4ece-b4e8-8c8e30c04710,17
ed7249e2-dddf-45c2-ba77-68121592a2f8,17
f87f3d1c-0ae8-45e5-8042-057fb5eb5af9,17
01b01920-8210-4c9c-9067-cf32a7566cad,10
100085a1-ea16-408d-8fca-5413e1824304,10
159b3774-5819-480b-bb87-27096e8f2a37,10
1958d8e3-cb69-4190-a47e-58008d526fc8,10
1ca57a15-95d0-4019-bbd0-940d8fd0033a,10
2275fef4-7d7e-418a-ab0e-8e2547a2b546,10
30a52e5d-aa78-411d-937b-a91ff57e9b31,10
31f302d1-ee38-4cdc-8943-845f32e23d13,10
348a5f62-87c8-4873-96e2-46f750a791f2,10
35f0e1a6-35be-471d-9e70-cc3759f5ffc4,10
3bfa1f57-76cb-459a-9a48-ec63f80b56a4,10
41b215cc-c4e2-4427-81a2-7072040cf90a,10
4c69f608-53e1-45fc-ae7c-552fa5ddaa47,10
513dab1a-261d-49bf-943c-033226b64fe8,10
51f8cbb2-b2fd-487f-8a24-89a56f042d6a,10
61b409b1-6587-4d12-b244-7b8908e89800,10
6ed47ad9-a96b-44d3-b01a-be0a146ddc13,10
7d2cd9bb-c292-4f01-9ce5-bc7205880af6,10
7edd2949-c682-4311-b39a-4c7b43f26c13,10
aa2bb3c1-43f8-4718-84c1-f660b9ef19f5,10
ad335f49-b596-4673-be2d-a65f4dec0173,10
b83343dc-d32a-414a-af53-1f3d48cef2a4,10
c8aa0f42-8445-4d55-beaf-814d502e8d19,10
cba7f442-d561-4018-9dad-f4b682084776,10
dd68f252-40e5-4669-a62a-7a347ae8dd73,10
e4d9d5f4-ac7e-4ae5-9b89-d50aa767e481,10
e59b1078-96fd-4a0b-955d-7493978c3423,10
eab4d50f-2a17-4f07-b462-53be0e54f6c6,10
eb8bc59b-1ad3-4b23-86b1-7a359e498b5f,10
fd328774-5d23-48f8-be56-232097b80b0a,10
00039f90-7331-401c-bcf1-72a4a9c42a18,15
0158fb0c-e44c-443d-894d-80abb93a5f4d,15
027b2129-2e52-4958-b3d2-efb9e9f0e2d9,15
0308b3e8-27bf-463c-82f1-3a01943fc408,15
038c2639-3360-457e-b158-cc2246104544,15
0418f957-681e-44ba-b77a-7111651bfec2,15
047bb3df-c215-4d3d-8c00-5d1fd8d92d99,15
085b8258-ed0e-47fd-a2df-748d192a82e0,15
0a19084f-37f1-4ef4-9675-e1b8e0c2e7c7,15
0a3e98a1-5a00-4490-9a8d-8394585abfbb,15
0c2358c5-75f6-4f62-90df-9ee77f9a6f95,15
0c2639a0-830e-4cd4-87ff-affa14cc63f3,15
0cf6988f-6ba8-4a56-98a4-fb78ae986d0f,15
0d87d1f1-f18d-4bf0-b570-26a167a3f823,15
0dc27888-e0fd-4785-999a-e2b5b8bbe686,15
14711807-513c-43e8-a715-5d8483249821,15
14a55410-d954-47b6-978d-63c9b4eb9584,15
14d3165d-9deb-44ae-bd12-4a33c4944bdc,15
15ccf2c2-767f-45d2-b7a5-88476cbd50aa,15
1729ba72-d845-43a8-8e50-72a3df8ec6d7,15
17bb274c-c7cc-4025-bc92-00f982752ec4,15
18196638-9b82-4fc4-8db3-4cd04d23d33c,15
1c3f89b5-4787-46d5-9db0-dcbd4f6bb43a,15
1e9430b9-dd7f-4b6a-84dd-5654f0fd3d33,15
2066d4b4-abcd-4727-b44b-6f219c07e784,15
253ae203-e19f-4946-be59-257f97c92e71,15
2563ee88-62ae-4806-aa62-8c3155798fa9,15
25d29c7d-a2fc-42a6-9410-7466679676a7,15
27465fb3-e3d4-4ba4-9c89-23999189b137,15
2966ceec-b14c-4ce9-a9d2-2a48df99304e,15
2a18265a-128b-446e-aba2-045e38bd66bc,15
2afd1484-4de3-4df8-8bee-bcc292dbce33,15
2bb50755-e5e7-405c-bd62-9ab8bdec9eea,15
2cdd4591-ea6a-4ad7-86b1-a642be5627af,15
2d30fe2d-6c32-4b8a-a19b-906184f64f62,15
30cc457a-c064-4288-b4cc-82542ea6bbfe,15
30f4e25e-3e37-462e-8c3c-42f24f54350f,15
310b1fa2-f408-4abe-918b-70fc666d2257,15
3170d581-cec4-427a-9948-d47f814b7c97,15
318bfe2c-7b8c-4790-9752-0e761628e442,15
381de46e-0ef1-4c89-9592-f718c8722fdf,15
39cbcd5c-2f4f-49a4-b8fc-66ca199e7f62,15
3b2f8afb-dd82-4d74-b6d7-6389b0a65f90,15
3b78ef8f-eb45-4824-9182-609f04f079d4,15
3c53f276-8ea4-401a-81ea-e6edc7277df5,15
3d8a3963-b372-46a3-aa24-9339b97d44ca,15
3dbd8b78-840f-476b-ae85-a6e67465ebe2,15
3e3bb1fd-ed58-4cf5-84b5-36fb058db2af,15
3fba6647-f605-431c-b035-40a67b38e501,15
410a9b1e-093e-4c0c-9a7d-efdf78af81ab,15
41364c96-3840-4e22-9783-5c0bb5b69b10,15
415640a0-f448-4c3a-a1a3-115d5c881ef1,15
42edc6cb-7d8a-4ca3-8508-aac82c2b7278,15
42f140bb-9c00-4b3a-9f01-7e22c4ee355d,15
43f4f4b5-a764-42a7-ad28-75429c73c42c,15
440a3a0e-6203-4e28-9661-3b4ed399862f,15
44760117-5f6d-4f8e-bc05-bb072ec6917b,15
46c82cc8-4739-4be4-881b-f27401479533,15
46e71416-fd29-4422-b435-f9cd47626054,15
47bf394b-8c0c-4811-ad41-8278af477feb,15
48d8534e-a167-448c-ac4a-1d0e65f72e97,15
49a987e8-0be2-4a51-923a-408d25c6852c,15
4b13b521-02f8-4074-9ecc-78eaa213aad3,15
4c99d3ff-b68f-43e4-9711-e762c0b00269,15
4cf75631-15ed-40c0-b6ae-b84477ed165c,15
4d1aa5ef-cc29-4c75-929a-284e45e4455d,15
4dd11db8-8ac0-41ba-933e-01899acbca94,15
4de6e976-f388-4a81-83e8-82f2c440efe8,15
4deaec08-2341-4540-b313-ab80bda7b1e2,15
4e10c807-374c-4e37-ad2d-c31c3d8b9a7b,15
4e5fa6be-b470-4f39-abb6-3d817a75505c,15
4fceafd8-014b-4ba8-8167-1b87797244ef,15
51267cd6-d4f3-44ff-9e97-cc2beba16dc4,15
54bc7342-85d7-41be-ae25-9c7c727d8eeb,15
5550e9b2-2849-4b6f-933a-ceb15c23669e,15
55aecdf1-182f-4be9-81cc-77e4274c2fb9,15
55d2d27a-8c8d-47cd-b39e-d1fb6d250b97,15
56d4ad4d-9d92-4bac-9a3b-caaf42a2e32c,15
59372c89-5f9c-41de-aea9-9924d3c5467a,15
59ac186a-eb1d-44df-98a1-202ebe80c7a7,15
5b4618cc-c2e2-4318-b388-472ca672a1ed,15
5c98ad89-09a6-4808-8908-de4d993bb4f8,15
5d0fbd66-d0bd-4af0-bf26-6712fcf44126,15
5e09eb0d-9629-441d-8fed-53c7ae980186,15
5e5d954f-4ba0-4fff-9b8a-f76cc0f6e7a6,15
5e9bae0a-1b34-40f4-aee0-4b5cf319670e,15
5ed111ea-4a35-468b-8c31-ffd7c177598d,15
6020a657-d566-463d-bc8a-ea106d4c559f,15
6047a549-0593-445a-acfe-d35082238614,15
60d0d14e-33e6-45ae-b7f3-c5c1d732f734,15
62cc0884-c7c9-4253-80c9-140f61305757,15
63a03a70-da6b-4526-8431-0a24c658938c,15
640f09d7-3817-4bb3-9635-43b9c4af8fe0,15
66e951c5-2ae2-4e8c-8b3f-4778618abeaf,15
67024fd1-c2ff-4fce-9cba-6dad339700db,15
6861cf45-8bdb-49d2-884a-abd3e4bd3333,15
68d11359-29f9-4b48-b989-3dee11043bcf,15
6c79eb31-7977-4be7-83c7-005000517629,15
6da398ad-079d-49b9-8668-6d7ce4d22683,15
6e842021-7844-4ee3-82e7-407efd6987a0,15
6ea8b45b-c479-4bf1-93a5-445ab7b5aa99,15
6ed4adbf-bb19-455c-acb6-eba2af51ebe3,15
6f641680-e103-459b-805b-94fb2ce4cb24,15
710a46eb-f84a-4195-8d32-2f9247f8f610,15
717c01c2-5869-44cb-aa51-01d1c5056a97,15
71ba75a5-ae12-4527-aa22-23f441b08726,15
734d86eb-8a17-4ab1-bb3c-e79f42fe6780,15
73d01b1c-0368-46ee-9968-5d3c1018ddf9,15
75b27ad6-6b26-4aa8-b78e-fed1344caafa,15
75d642b0-d5e1-44a3-b4fc-85d49311831f,15
77cdda96-6e5b-47c1-b486-9f06da2c7372,15
782cb6e1-c59a-4549-8aa2-5771c9c8fc78,15
79f3c73f-6005-4adb-b78c-a2dc30b6dcf3,15
804517cc-bf10-464d-aa35-3c2abcace5e9,15
808ec6b9-f29c-46cb-a729-17626057b53b,15
80b61443-0d36-45cf-936e-e4194000d4e6,15
841fc611-6bf9-4392-8992-52dfcd77ae25,15
87e57773-451b-4e85-adb9-16b3c3f5b734,15
884d1add-4609-468e-a0d8-fb26f6557669,15
88ebeac3-080b-4ee1-a30b-ea114f2b9732,15
8bc16de9-7c3e-4802-846c-ce874ca678be,15
8d0c7dca-be26-48b7-bcb7-dd59118e03ed,15
90dbaee4-b139-432c-a196-0559189eae8d,15
946505c0-71f3-4970-9769-ece836938dd4,15
957e0f46-41b7-428a-8b0c-a6508b93c886,15
958b0105-d0b5-492f-97f6-9df6985371ae,15
95d43400-9abf-4608-afe0-94c228dfb54d,15
9608bbfd-63e3-498f-9ca8-61280edc859f,15
9960db8a-662e-49a1-bba5-11be25edb318,15
9e1eff6f-31d8-480f-a12c-8a1eaf06a107,15
a33a20f1-381f-4d91-b65d-66424e65244a,15
a535e25d-70f7-4478-aae5-119a15abdf38,15
a5510fe3-9ca4-4599-a5eb-1113b3ddf21f,15
a7d18f20-b988-41ab-8ac5-f64b37a34386,15
a814db75-34af-4ec9-887e-de1ffbeae711,15
a96cebb0-5302-449f-b156-918d02a1ad10,15
aa6bf2ba-2b4d-4a55-b197-bef6cb070094,15
ab121ee5-2330-4485-a648-171edd0e97bd,15
ac2c371b-f8bd-4d6c-a84e-a43ae80f4268,15
ac4bfc64-a475-498e-b1e6-0b054aa2d292,15
acdd1c63-bbc7-41e9-8ee6-530627e314c4,15
acf5313d-9210-47ee-b196-f3625668da97,15
adce9302-83a0-4ec8-8ff1-95c3057b97f9,15
b158d873-14a1-4e40-b808-25c1e23fb6be,15
b39370fc-27b3-49fe-b335-f99742f53e91,15
b445b183-834e-4af0-a0c6-3cf471f51d58,15
b4f4f89d-c7ad-4b16-9e22-88f4bb7f9991,15
b4fe5ac3-8d52-4d5c-b55d-ea9927ed2df1,15
b5d76815-039a-484c-be45-d8c3921fa030,15
b610ced8-e440-43a8-bc0e-9013dfbe2f43,15
b67fd3a9-527a-4ba9-b418-2db706674cf7,15
ba6e863c-0901-40e3-a3f0-88ddf14a3635,15
ba74fb1a-6a83-455c-b03a-d91645b6f9b1,15
be466567-0c7c-42cc-81e4-b16a3d0a445e,15
be929ea4-901d-4e47-aaf0-a94c1a354dfa,15
beab1bdb-f149-4cfe-a286-31c512f96aae,15
c0ca48e5-1307-4a5f-a935-750ca3196ce9,15
c10e6060-fb41-4a07-8254-8daffa0de234,15
c12427b5-0cec-4be1-b4bb-7d35d38b8162,15
c1250852-a556-490a-9018-6714ff88f285,15
c180f5de-2079-4890-92c5-5e4c0c4dd679,15
c3bc6415-fb58-4587-94ae-689db3cc531f,15
c46f3667-9bb5-4a0c-9040-a1576dacabdf,15
c5c25522-310d-4dba-bc8d-4e02f38a00ab,15
c8d39558-c25d-44b3-bd93-a1e1b126c630,15
c97970b7-b9ba-427b-bc8f-ac4f437500c6,15
caf53e18-3a43-4cb3-9e50-8385c6301135,15
cb281412-83c9-403a-9d39-3b24e041ac31,15
d06ec0c2-7fcb-4338-807f-f23544bdaf77,15
d2171302-d328-4660-a85e-2fbd9ea7d088,15
d363548a-6a3b-443c-9918-5a1282318575,15
d37167df-5b5b-4fd1-a2aa-68ba74358be1,15
d56dcc92-e5e4-4f60-899b-6cdb8098959b,15
d7f21403-68c6-4968-b527-3d9d5fb86c3d,15
d8ec182e-be3c-406c-b289-71603f10431e,15
da2674ba-f5af-4954-b6a3-a0b0deb08204,15
db167165-484a-4d31-8032-3a6fc233c6fb,15
db2b27b5-7ae2-4964-b6a1-52c0b67defc1,15
de6dcbbc-d389-4139-b584-91d425c9e25a,15
dee3f0d5-fcb6-4272-bac4-8aff14326527,15
e0509954-13d2-4d51-9832-81213a58d95a,15
e0912701-4e7b-41d7-aebc-7290585dd437,15
e0dc6d33-75fa-4623-8b67-6b6bcee47e4e,15
e20fcca0-2a35-461d-b2f4-5bacd2d842c2,15
e40ee39e-f4aa-4de4-8b8b-af1d1f07e547,15
e4363029-73e9-4561-8257-22e3cb0c0a30,15
e4f5cb2f-d5bc-4a4b-8ab1-0450ec0d4b92,15
e5ef1d48-a958-4e1c-9c20-c48dfeb0c5fa,15
e6d10526-aaa0-4601-a89f-e9dd51845810,15
e7c73392-0ae3-4657-b021-b84ddebd6826,15
e99a6862-47bd-478d-a8cc-06198edb2ed2,15
e9a1e2dc-5c7f-4871-83e4-c49346aa59d0,15
eacec46b-8c19-439c-92cf-9491ce2c2100,15
ebb99dd6-d0e5-4eed-8257-75c0a5578ec6,15
eca8719a-0666-4fab-82cd-78fbc7f94b7a,15
f0c58b79-2e41-4487-970f-fe6206bbe20b,15
f10b85ff-7538-4450-b82d-e64bae3cff00,15
f21b94e4-7ee3-4daf-bfde-aa2268947eab,15
f7c0717d-e614-4f23-839c-7340aeb41b7e,15
f7c494a8-7072-4eff-80eb-862291849ea2,15
f8d8cec7-3e9f-4ea6-a0eb-dde9e3d11c16,15
fa7342e4-e8e4-4cfa-b18a-d2a28f877350,15
fc9eead9-c485-4521-aee3-9e2c742c15c7,15
fea36eae-1dae-445c-8406-cf2c794c296c,15
02260ecb-5ad8-4256-865f-d555d8a68b8d,14
09942278-b75c-4b44-8c56-9ec7bc960642,14
144d8990-5787-4ad7-8b9b-b5df03bb085d,14
1db731d6-892d-4410-a20c-66f42835d3bd,14
236dd33f-5721-4401-b7f0-80f65a52863f,14
28a18e70-bd10-49a9-9b7c-475384d0ec13,14
30968ee3-bd98-4e6a-a14f-ddce1a6239f1,14
357fb693-0953-4a71-8f05-d7dc579585af,14
3899483d-2bd0-426c-a120-c25bbf5df720,14
3b6e244e-cbb2-4c94-b744-39ea61a1df3e,14
3bc6839a-32aa-4923-ac54-a08ccf87c0d0,14
3cf310cf-f24a-4539-9498-d91d961d486b,14
3e544491-2070-41cf-b4f1-c922a5945a38,14
439e7e8d-5340-4e57-b490-3729ba835e93,14
46b206c1-3050-404b-b0f5-faf8274a236b,14
482cfbcb-50d0-4ef7-9fbf-6476a7a4ade8,14
499609fd-fc75-491f-99ec-1423734a842d,14
55d0ee8e-6f2b-4c00-9b93-f1e28cea3ac5,14
5ba22e03-0e6a-4e54-9f4d-52348c6a3259,14
679c83e5-30ce-436d-911f-b14055618da0,14
72e8fe3f-0dd9-44e3-8775-660bacb17310,14
7a17227f-c2e4-4b1d-9fcb-5fbdde4cefdd,14
7fcb4741-9e11-4e70-bac5-9c4623452df1,14
9464d641-99d1-4547-ab48-78ea25e5e76f,14
95ece312-f4ba-4693-96b9-6874f435c818,14
96dbd16b-6d12-4e51-bddc-8bb676d53543,14
9f53969a-38fa-4c1f-ac7b-371e7723fa47,14
a6b74a7e-702d-4599-9037-057135fa8f66,14
a94c580b-ca64-422d-80b8-28684416d37d,14
bb724b84-64fc-45e5-8ece-e74122e6f4e8,14
d3df388a-9e07-41d3-bb4d-57266cb9e18f,14
d42ad96f-25e0-4322-b37f-0037f513fd40,14
d4c40f39-02e2-405d-b14e-d5bb4b0d4288,14
d73c9e08-7691-4a36-bd6b-cd355e793bfb,14
df0afd96-f526-4ec6-a560-9757da046e25,14
f184a04d-f1ed-4f70-93a4-19426423a476,14
f348b2f8-d9ad-40fe-9e1c-dd7f84f00396,14
f9636ff4-a3d9-46f4-8418-bc8b512d6eee,14
f970b14b-7aa2-43b3-b626-287578e521e6,14
f99830fb-9b00-4736-a313-ed99ce35dbff,14